alternatifHadiseIstNo,boylam,enlem,gunlukTahminIstNo,il,ilPlaka,ilce,merkezId,oncelik,saatlikTahminIstNo,sondurumIstNo,yukseklik,aciklama,modelId,gps
,35.298,36.9838,90101,Adana,1,Adana Havalimanı,90116,0,17352,17352,20,,72451,0
,35.3929,37.5461,90105,Adana,1,Aladağ,90105,0,,18258,840,,80313,1
,35.7955,37.0153,90106,Adana,1,Ceyhan,90106,0,,17960,30,,73117,1
,35.9,37.7764,90108,Adana,1,Feke,90108,0,,18269,583,,84255,1
,35.0628,37.2506,90110,Adana,1,Karaisalı,90110,0,,17936,240,,76376,1
,35.3894,36.5683,90111,Adana,1,Karataş,90111,0,,17981,22,,66558,1
,35.8188,37.4337,90112,Adana,1,Kozan,90112,0,,17908,112,,79013,1
,34.9022,37.4758,90113,Adana,1,Pozantı,90113,0,,17934,1080,,79647,1
,36.0853,37.9811,90114,Adana,1,Saimbeyli,90114,0,,18056,1050,,86879,1
,35.3669,37.0397,90101,Adana,1,Sarıçam,90115,0,17352,18270,80,,73108,1
,35.298,36.9838,90101,Adana,1,Seyhan,90101,1,17352,17352,20,,72451,1
,36.2195,38.26,90102,Adana,1,Tufanbeyli,90102,0,,18053,1415,,90812,1
,35.7903,36.7687,90103,Adana,1,Yumurtalık,90103,0,,17979,34,,69187,1
,35.3443,37.0041,90101,Adana,1,Yüreğir,90104,0,17352,17351,23,,72452,1
,35.2614,37.0578,90101,Adana,1,Çukurova,90107,0,17352,18268,165,,73760,1
,35.6444,37.2425,90109,Adana,1,İmamoğlu,90109,0,,18055,89,,76389,1
,35.3443,37.0041,90101,Adana,1,İncirlik Havalimanı,90117,0,17352,17350,65,,72452,0
,38.4732,37.7365,90201,Adıyaman,2,Adıyaman Havalimanı,90210,0,17265,17266,675,,83657,
,37.825,37.6853,90206,Adıyaman,2,Besni,90206,0,,18181,1078,,82987,1
,39.0408,38.0328,90208,Adıyaman,2,Gerger,90208,0,,18182,821,,87599,1
,37.6532,37.7867,90209,Adıyaman,2,Gölbaşı,90209,0,,17871,900,,84294,1
,38.6155,37.7918,90210,Adıyaman,2,Kahta,90210,0,,17910,725,,84315,1
,38.2775,37.7553,90201,Adıyaman,2,Merkez,90201,1,17265,17265,672,,83652,1
,38.4806,37.5825,90202,Adıyaman,2,Samsat,90202,0,,18345,590,,81037,1
,38.6252,38.0329,90203,Adıyaman,2,Sincik,90203,0,,18346,1368,,87590,1
,37.9317,37.7975,90204,Adıyaman,2,Tut,90204,0,,18347,1086,,84300,1
,38.2272,38.0294,90207,Adıyaman,2,Çelikhan,90207,0,,18180,1380,,87581,1
,30.5999,38.7328,90301,Afyonkarahisar,3,Afyonkarahisar Havalimanı,90319,0,17190,17189,1001,,97892,0
,30.9179,38.9715,90307,Afyonkarahisar,3,Bayat,90307,0,,17753,1100,,101174,1
,30.0214,37.9014,90306,Afyonkarahisar,3,Başmakçı,90306,0,,18291,865,,85434,1
,31.0477,38.7268,90308,Afyonkarahisar,3,Bolvadin,90308,0,,17796,1018,,97902,1
,29.8667,37.9309,90311,Afyonkarahisar,3,Dazkırı,90311,0,,18037,900,,86086,1
,30.1531,38.0597,90312,Afyonkarahisar,3,Dinar,90312,0,,17862,864,,88057,1
,31.1463,39.0098,90313,Afyonkarahisar,3,Emirdağ,90313,0,,17752,983,,101834,1
,29.91,38.0322,90314,Afyonkarahisar,3,Evciler,90314,0,,18007,903,,87397,1
,29.9697,38.5819,90315,Afyonkarahisar,3,Hocalar,90315,0,,18292,1130,,95258,1
,30.1419,38.2575,90318,Afyonkarahisar,3,Kızılören,90318,0,,18293,1190,,90677,1
,30.5604,38.738,90301,Afyonkarahisar,3,Merkez,90301,1,17190,17190,1034,,97891,1
,30.2313,38.4558,90302,Afyonkarahisar,3,Sandıklı,90302,0,,18002,1040,,93954,1
,30.2352,38.7415,90303,Afyonkarahisar,3,Sinanpaşa,90303,0,,18003,1164,,97884,1
,31.2199,38.531,90304,Afyonkarahisar,3,Sultandağı,90304,0,,18006,1054,,94631,1
,31.0315,38.5903,90309,Afyonkarahisar,3,Çay,90309,0,,17793,996,,95936,1
,30.7947,38.7017,90310,Afyonkarahisar,3,Çobanlar,90310,0,,17791,996,,97241,1
,30.395,39.0343,90316,Afyonkarahisar,3,İhsaniye,90316,0,,18005,1078,,102472,1
,30.7484,38.8675,90317,Afyonkarahisar,3,İscehisar,90317,0,,18004,1126,,99860,1
,30.5683,38.5295,90305,Afyonkarahisar,3,Şuhut,90305,0,,17829,1140,,94616,1
,33.9219,38.8564,96804,Aksaray,68,Ağaçören,96804,0,,18480,1305,,99931,1
,33.3592,38.3086,96805,Aksaray,68,Eskil,96805,0,,18481,985,,91403,1
,34.3436,38.4089,96806,Aksaray,68,Gülağaç,96806,0,,18482,1180,,93390,1
,34.3722,38.2708,96807,Aksaray,68,Güzelyurt,96807,0,,18116,1524,,91426,1
,33.9987,38.3705,96801,Aksaray,68,Merkez,96801,1,17192,17192,970,,92727,1
,34.0892,38.765,96802,Aksaray,68,Ortaköy,96802,0,,18118,1130,,98624,1
,33.8497,38.9917,96803,Aksaray,68,Sarıyahşi,96803,0,,18483,925,,101894,1
,33.5169,38.1997,96808,Aksaray,68,Sultanhanı,96808,0,,18117,999,,90097,1
,35.5286,40.4017,90505,Amasya,5,Göynücek,90505,0,,18504,528,,122236,1
,35.1803,40.8469,90506,Amasya,5,Gümüşhacıköy,90506,0,,18505,865,,128779,1
,35.0183,40.7872,90507,Amasya,5,Hamamözü,90507,0,,18506,760,,127465,1
,35.8353,40.6668,90501,Amasya,5,Merkez,90501,1,17085,17085,409,,126173,1
,35.4585,40.8793,90502,Amasya,5,Merzifon,90502,0,,17083,754,,129440,1
,35.5258,40.8357,90502,Amasya,5,Merzifon Havalimanı,90508,0,,17082,535,,128786,0
,35.6683,40.8125,90503,Amasya,5,Suluova,90503,0,,18137,514,,128135,1
,36.3442,40.7581,90504,Amasya,5,Taşova,90504,0,,18138,250,,127495,1
,33.1081,40.1408,90605,Ankara,6,Akyurt,90605,0,,18240,1114,,118253,1
,32.872558,39.943679,90601,Ankara,6,Altındağ,90609,0,17130,19202,891,,115627,1
,32.2345,40.03,90610,Ankara,6,Ayaş,90610,0,,18045,671,,116923,1
,33.1089,39.5546,90611,Ankara,6,Bala,90611,0,,17729,1250,,109738,1
,31.9172,40.1608,90612,Ankara,6,Beypazarı,90612,0,,17680,682,,118881,1
,33.2125,39.92,90616,Ankara,6,Elmadağ,90616,0,,17715,1102,,114980,1
,32.9992,40.124,90615,Ankara,6,Esenboğa Havalimanı,90626,0,,17128,959,,118250,0
,32.6854,39.9558,90606,Ankara,6,Etimesgut,90606,0,17130,17129,806,,115623,1
,32.6854,39.9558,90606,Ankara,6,Etimesgut Havalimanı,90628,0,17130,17129,806,,115623,0
,33.8068,39.0224,90607,Ankara,6,Evren,90607,0,,19203,972,,101893,1
,32.8434,39.8032,90625,Ankara,6,Gölbaşı,90625,0,,17134,1115,,113662,1
,32.2472,40.2111,90617,Ankara,6,Güdül,90617,0,,18077,731,,119543,1
,32.7387,39.9343,90624,Ankara,6,Güvercinlik Havalimanı,90629,0,17130,17131,820,,115624,0
,32.5153,39.4356,90618,Ankara,6,Haymana,90618,0,,18257,1280,,107759,1
,32.5657,40.0788,90604,Ankara,6,Kahramankazan,90604,0,,17127,838,,117586,1
,33.4133,40.0947,90619,Ankara,6,Kalecik,90619,0,,18076,702,,117604,1
,32.8637,39.9727,90601,Ankara,6,Keçiören,90601,1,17130,17130,891,,115627,1
,32.6441,40.4729,90620,Ankara,6,Kızılcahamam,90620,0,,17664,1033,,123482,1
,32.9944,39.9194,90602,Ankara,6,Mamak,90602,0,17130,18074,1013,,114975,1
,32.5657,40.0788,90604,Ankara,6,Mürted Havalimanı,90627,0,,17127,838,,117586,0
,31.332,40.1733,90621,Ankara,6,Nallıhan,90621,0,,17679,650,,118868,1
,32.1624,39.5834,90622,Ankara,6,Polatlı,90622,0,,17728,886,,110372,1
,32.8933,40.0317,90608,Ankara,6,Pursaklar,90608,0,,18243,1065,,116938,1
,32.5814,39.9986,90603,Ankara,6,Sincan,90603,0,17130,18244,886,,116276,1
,32.7387,39.9343,90624,Ankara,6,Yenimahalle,90624,0,17130,17131,820,,115624,1
,32.4608,40.4839,90613,Ankara,6,Çamlıdere,90613,0,,18075,1264,,123478,1
,32.8494,39.9075,90614,Ankara,6,Çankaya,90614,0,17130,18046,927,,114972,1
,33.0108,40.2867,90615,Ankara,6,Çubuk,90615,0,,18242,1174,,120215,1
,33.4218,38.9539,90623,Ankara,6,Şereflikoçhisar,90623,0,,17731,975,,101230,1
,31.7971,37.0468,90702,Antalya,7,Akseki,90702,0,,18047,1063,,73028,1
,30.898,36.9393,90701,Antalya,7,Aksu,90716,0,17302,17895,10,,71699,1
,31.9803,36.5507,90703,Antalya,7,Alanya,90703,0,,17310,6,,65828,1
,30.799,36.9063,90701,Antalya,7,Antalya Havalimanı,90721,0,17302,17300,64,,71041,0
,29.979,36.2421,90713,Antalya,7,Demre,90713,0,,17970,25,,61198,1
,30.6025,36.9501,90717,Antalya,7,Döşemealtı,90717,0,17302,18016,266,,71692,1
,29.9121,36.7372,90704,Antalya,7,Elmalı,90704,0,,17952,1095,,68402,1
,30.1458,36.3024,90705,Antalya,7,Finike,90705,0,,17375,2,,62512,1
,32.3045,36.2715,90706,Antalya,7,Gazipaşa,90706,0,,17974,21,,61905,1
,32.3011,36.2997,90706,Antalya,7,Gazipaşa Havalimanı,90722,0,,17975,32,,62560,0
,31.9979,36.8043,90707,Antalya,7,Gündoğmuş,90707,0,,18012,898,,69758,1
,29.6502,36.2002,90708,Antalya,7,Kaş,90708,0,,17380,153,,61191,1
,30.5672,36.5942,90715,Antalya,7,Kemer,90715,0,,17953,0,,66451,1
,30.6828,36.8851,90718,Antalya,7,Kepez,90718,0,17302,17302,0,Bu merkez sondurum verisini Antalya/Merkez (Bölge Müdürlüğü)'den almaktadır.,71039,1
,30.61,36.84,90701,Antalya,7,Konyaaltı,90719,0,17302,17304,4,,70382,1
,30.191,37.0565,90709,Antalya,7,Korkuteli,90709,0,,17926,1017,,73648,1
,30.2978,36.3646,90710,Antalya,7,Kumluca,90710,0,,17951,60,,63170,1
,31.441,36.7895,90711,Antalya,7,Manavgat,90711,0,,17954,38,,69746,1
,30.6828,36.8851,90701,Antalya,7,Muratpaşa,90701,1,17302,17302,47,,71039,1
,30.3325,36.8389,18840,Antalya,7,Saklıkent Kayak Merkezi,90720,0,,18840,1880,,70376,0
,31.1189,36.9517,90712,Antalya,7,Serik,90712,0,,18306,94,,71703,1
,31.5952,37.0968,90714,Antalya,7,İbradı,90714,0,,17927,1036,,73679,1
,42.8558,41.3394,97506,Ardahan,75,Damal,97506,0,,18377,2090,,136154,1
,42.5992,40.8014,97503,Ardahan,75,Göle,97503,0,,18378,2006,,128289,1
,42.8389,41.2292,97504,Ardahan,75,Hanak,97504,0,,18379,1825,,134189,1
,42.7055,41.1061,97501,Ardahan,75,Merkez,97501,1,17046,17046,1827,,132876,1
,42.7344,41.4969,97505,Ardahan,75,Posof,97505,0,,18236,1374,,138117,1
,43.1383,41.1097,97502,Ardahan,75,Çıldır,97502,0,,18376,1925,,132886,1
,42.0653,41.1267,90807,Artvin,8,Ardanuç,90807,0,,18218,577,,132862,1
,41.301,41.351,90808,Artvin,8,Arhavi,90808,0,,,0,,136120,1
,41.6281,41.375,90802,Artvin,8,Borçka,90802,0,,18555,190,,136782,1
,41.433,41.4065,90803,Artvin,8,Hopa,90803,0,,17042,33,,136778,1
,41.4811,41.5288,90809,Artvin,8,Kemalpaşa,90809,0,,17042,17,Bu merkez sondurum bilgilerini Hopa istasyonundan almaktadır.,138744,1
,41.8187,41.1752,90801,Artvin,8,Merkez,90801,1,17045,17045,613,,133511,1
,41.5564,41.2617,90806,Artvin,8,Murgul,90806,0,,18556,565,,134815,1
,41.5464,40.8228,90805,Artvin,8,Yusufeli,90805,0,,18216,601,,128265,1
,42.3206,41.2433,90804,Artvin,8,Şavşat,90804,0,,18217,1125,,134832,1
,28.3333,37.6603,90902,Aydın,9,Bozdoğan,90902,0,,18027,144,,82122,1
,28.7444,37.9739,90914,Aydın,9,Buharkent,90914,0,,18425,210,,86716,1
,27.2645,37.3699,90918,Aydın,9,Didim,90918,0,,17233,44,,78168,1
,27.8379,37.8402,90901,Aydın,9,Efeler,90903,0,17234,17234,56,,84731,1
,27.5847,37.8381,90905,Aydın,9,Germencik,90905,0,17234,18426,32,,84725,1
,27.2351,37.7094,90908,Aydın,9,Güzelçamlı,90920,0,,19125,66,,82752,1
,28.6075,37.7194,90906,Aydın,9,Karacasu,90906,0,,18025,580,,82783,1
,27.834,37.5574,90916,Aydın,9,Karpuzlu,90916,0,,19124,89,,80800,1
,27.7597,37.7603,90907,Aydın,9,Koçarlı,90907,0,,18427,30,,83419,1
,28.4564,37.9022,90909,Aydın,9,Kuyucak,90909,0,,18429,75,,85399,1
,27.2652,37.8597,90908,Aydın,9,Kuşadası,90908,0,,17232,25,,84718,1
,28.0403,37.8431,90917,Aydın,9,Köşk,90917,0,17234,18428,60,,84735,1
,27.8379,37.8402,90901,Aydın,9,Merkez,90901,1,17234,17234,56,,84731,1
,28.3437,37.9135,90910,Aydın,9,Nazilli,90910,0,,17860,84,,86052,1
,28.1504,37.8843,90912,Aydın,9,Sultanhisar,90912,0,,17850,73,,85392,1
,27.3827,37.7049,90911,Aydın,9,Söke,90911,0,,17881,75,,82755,1
,28.1825,37.8342,90913,Aydın,9,Yenipazar,90913,0,,18430,47,,84738,1
,28.0447,37.5947,90904,Aydın,9,Çine,90904,0,,18023,70,,81460,1
,27.883042,37.816838,90901,Aydın,9,Çıldır Havalimanı,90919,0,17234,17227,27,,84077,0
,27.6647,37.8633,90915,Aydın,9,İncirliova,90915,0,17234,18026,50,,85382,1
,43.02,39.65,90401,Ağrı,4,Ahmed-i Hani Havalimanı,90409,0,17099,17104,1665,,111268,0
,43.6694,39.5436,90405,Ağrı,4,Diyadin,90405,0,,18356,1930,,109972,1
,44.018,39.5396,90406,Ağrı,4,Doğubayazıt,90406,0,,17720,1640,,109980,1
,42.682,39.7915,90407,Ağrı,4,Eleşkirt,90407,0,,18194,1818,,113225,1
,42.9867,39.6072,90408,Ağrı,4,Hamur,90408,0,,18357,1692,,110612,1
,43.0522,39.7253,90401,Ağrı,4,Merkez,90401,1,17099,17099,1646,,112579,1
,42.842,39.2394,90402,Ağrı,4,Patnos,90402,0,,18193,1638,,105369,1
,43.3689,39.6358,90403,Ağrı,4,Taşlıçay,90403,0,,18358,1745,,111276,1
,42.7761,39.5369,90404,Ağrı,4,Tutak,90404,0,,18359,1562,,109952,1
,27.9207,39.6551,91001,Balıkesir,10,Altıeylül,91020,0,17150,18433,102,,110932,1
,27.0192,39.5895,91007,Balıkesir,10,Altınoluk,91025,0,,19129,33,,110257,1
,26.6861,39.3113,91021,Balıkesir,10,Ayvalık,91021,0,,17175,4,,106320,1
,27.618,39.7401,91002,Balıkesir,10,Balya,91002,0,,17158,631,,112236,1
,27.9201,39.6326,91001,Balıkesir,10,Balıkesir Havalimanı,91022,0,17150,17150,102,,110932,0
,27.9965,40.3315,91003,Balıkesir,10,Bandırma,91003,0,,17114,63,,120759,1
,27.9737,40.3245,91003,Balıkesir,10,Bandırma Havalimanı,91023,0,,17115,42,,120759,0
,28.126,39.3995,91004,Balıkesir,10,Bigadiç,91004,0,,17698,260,,107662,1
,26.9755,39.4983,91005,Balıkesir,10,Burhaniye,91005,0,,17722,20,,108946,1
,28.6322,39.5778,91006,Balıkesir,10,Dursunbey,91006,0,,17700,637,,110293,1
,27.0192,39.5895,91007,Balıkesir,10,Edremit,91007,0,,17145,21,,110257,1
,27.7885,40.3972,91008,Balıkesir,10,Erdek,91008,0,,17635,2,,122064,1
,26.8413,39.3902,91019,Balıkesir,10,Gömeç,91019,0,,19126,15,,106978,1
,27.6426,40.1135,91009,Balıkesir,10,Gönen,91009,0,,17674,37,,118131,1
,27.1003,39.5578,91010,Balıkesir,10,Havran,91010,0,,19127,35,,109604,1
,27.9207,39.6551,91001,Balıkesir,10,Karesi,91012,0,17150,18433,102,,110932,1
,28.1411,39.6858,91013,Balıkesir,10,Kepsut,91013,0,,18082,97,,111592,1
,27.0253,39.5592,91007,Balıkesir,10,Koca Seyit Havalimanı,91024,0,,17143,19,,109602,0
,27.9748,40.0471,91014,Balıkesir,10,Manyas,91014,0,,17699,50,,116829,1
,27.5614,40.5847,91018,Balıkesir,10,Marmara,91018,0,,17423,10,,124679,1
,27.9207,39.6551,91001,Balıkesir,10,Merkez,91001,1,17150,18433,110,,110932,1
,27.6561,39.3506,91015,Balıkesir,10,Savaştepe,91015,0,,18434,293,,106996,1
,28.1647,39.9173,91017,Balıkesir,10,Susurluk,91017,0,,17705,47,,114868,1
,28.1749,39.2388,91016,Balıkesir,10,Sındırgı,91016,0,,19128,237,,105043,1
,27.4939,39.5914,91011,Balıkesir,10,İvrindi,91011,0,,18432,240,,110268,1
,32.3827,41.7526,97404,Bartın,74,Amasra,97404,0,,17602,73,,141817,1
,32.7236,41.8447,97402,Bartın,74,Kurucaşile,97402,0,,18245,5,,143134,1
,32.3569,41.6248,97401,Bartın,74,Merkez,97401,1,17020,17020,33,,139851,1
,32.637,41.5819,97403,Bartın,74,Ulus,97403,0,,17615,162,,139202,1
,41.1149,37.9246,97201,Batman,72,Batman Havalimanı,97207,0,17282,17284,553,,86336,0
,41.2964,37.9283,97202,Batman,72,Beşiri,97202,0,,18318,725,,86340,1
,41.3917,37.5697,97203,Batman,72,Gercüş,97203,0,,18319,932,,81102,1
,41.4169,37.7144,97206,Batman,72,Hasankeyf,97206,0,,18161,465,,83067,1
,41.4869,38.1647,97204,Batman,72,Kozluk,97204,0,,18320,704,,89619,1
,41.1562,37.8636,97201,Batman,72,Merkez,97201,1,17282,17282,610,,85681,1
,41.42,38.3319,97205,Batman,72,Sason,97205,0,,18162,912,,92237,1
,40.1287,40.3812,96902,Bayburt,69,Aydıntepe,96902,0,,18557,1597,,121684,1
,39.8858,40.1639,96903,Bayburt,69,Demirözü,96903,0,,18219,1757,,119058,1
,40.2207,40.2547,96901,Bayburt,69,Merkez,96901,1,17089,17089,1584,,120376,1
,30.0525,39.9039,91102,Bilecik,11,Bozüyük,91102,0,,17702,754,,114910,1
,30.3297,40.275,91103,Bilecik,11,Gölpazarı,91103,0,,18086,537,,120156,1
,29.9772,40.1414,91101,Bilecik,11,Merkez,91101,1,17120,17120,539,,118183,1
,30.0064,40.3628,91104,Bilecik,11,Osmaneli,91104,0,,18087,96,,121459,1
,29.9114,39.9938,91105,Bilecik,11,Pazaryeri,91105,0,,17701,825,,116217,1
,30.185,40.0205,91106,Bilecik,11,Söğüt,91106,0,,17703,695,,116223,1
,30.5186,40.1678,91107,Bilecik,11,Yenipazar,91107,0,,18381,668,,118850,1
,30.3825,40.0767,91108,Bilecik,11,İnhisar,91108,0,,18380,202,,117537,1
,40.4775,39.2297,91206,Bingöl,12,Adaklı,91206,0,,18348,1488,,105316,1
,40.5905,38.8586,91201,Bingöl,12,Bingöl Havalimanı,91209,0,17203,17779,1061,,100079,0
,40.5577,38.7616,91202,Bingöl,12,Genç,91202,0,,17808,993,,98113,1
,41.0106,39.2936,91203,Bingöl,12,Karlıova,91203,0,,18177,1828,,105983,1
,40.3458,39.3086,91204,Bingöl,12,Kiğı,91204,0,,18176,1495,,106623,1
,40.5007,38.8847,91201,Bingöl,12,Merkez,91201,1,17203,17203,1139,,100077,1
,41.0503,38.9597,91205,Bingöl,12,Solhan,91205,0,,17776,1366,,101399,1
,40.0589,39.2294,91207,Bingöl,12,Yayladere,91207,0,,18349,1710,,105307,1
,40.5431,39.4403,91208,Bingöl,12,Yedisu,91208,0,,18350,1598,,108593,1
,42.7764,38.7953,91306,Bitlis,13,Adilcevaz,91306,0,,18576,1680,,98817,1
,42.475,38.7486,91307,Bitlis,13,Ahlat,91307,0,,17810,1720,,98156,1
,42.0633,38.5675,91305,Bitlis,13,Güroymak,91305,0,,18577,1407,,95527,1
,42.4159,38.2165,91302,Bitlis,13,Hizan,91302,0,,18578,1474,,90294,1
,42.1625,38.475,91301,Bitlis,13,Merkez,91301,1,17208,17208,1789,,94219,1
,41.9228,38.4131,91303,Bitlis,13,Mutki,91303,0,,18579,1430,,93559,1
,42.2644,38.585,18584,Bitlis,13,Nemrut Kayak Merkezi,91308,0,,18584,2550,,96186,0
,42.2808,38.5033,91304,Bitlis,13,Tatvan,91304,0,,17205,1668,,94876,1
,31.9883,40.6522,91408,Bolu,14,Dörtdivan,91408,0,,19208,1265,,125433,1
,32.2176,40.8046,91402,Bolu,14,Gerede,91402,0,,17642,1270,,128058,1
,30.7786,40.3933,91403,Bolu,14,Göynük,91403,0,,18246,735,,122131,1
,31.8039,40.5906,18174,Bolu,14,Kartalkaya Kayak Merkezi,91410,0,,18174,2052,,124774,0
,31.85,40.4167,91404,Bolu,14,Kıbrıscık,91404,0,,17694,1191,,122155,1
,32.0736,40.9461,91405,Bolu,14,Mengen,91405,0,,18247,636,,130020,1
,31.6022,40.7329,91401,Bolu,14,Merkez,91401,1,17070,17070,743,,126734,1
,31.2044,40.4978,91406,Bolu,14,Mudurnu,91406,0,,18158,785,,123450,1
,31.573,40.4088,91407,Bolu,14,Seben,91407,0,,17693,757,,122149,1
,32.0492,40.7692,91409,Bolu,14,Yeniçağa,91409,0,,18248,1083,,127399,1
,29.545,37.0125,91507,Burdur,15,Altınyayla,91507,0,,18308,1291,,72978,1
,30.5197,37.6364,91510,Burdur,15,Ağlasun,91510,0,,18112,1138,,81515,1
,30.5617,37.493,91511,Burdur,15,Bucak,91511,0,,17894,875,,79551,1
,29.526,37.1427,91502,Burdur,15,Gölhisar,91502,0,,17891,990,,74943,1
,29.8399,37.4074,91505,Burdur,15,Karamanlı,91505,0,,18312,1251,,78225,1
,30.0722,37.355,91506,Burdur,15,Kemer,91506,0,,18313,1197,,77575,1
,30.294,37.722,91501,Burdur,15,Merkez,91501,1,17238,17238,957,,82820,1
,29.7792,37.3161,91503,Burdur,15,Tefenni,91503,0,,17892,1142,,76914,1
,29.7408,37.5006,91504,Burdur,15,Yeşilova,91504,0,,18113,1206,,79533,1
,29.67,37.47,90723,Burdur,15,Yeşilova Salda Kayak Merkezi,91512,0,,18956,1810,,79531,0
,29.7158,37.1558,91508,Burdur,15,Çavdır,91508,0,,18309,1159,,74947,1
,30.4425,37.5642,91509,Burdur,15,Çeltikçi,91509,0,,18311,927,,80858,1
,28.9014,39.77,91615,Bursa,16,Büyükorhan,91615,0,,18382,770,,112919,1
,29.1504,40.4401,91605,Bursa,16,Gemlik,91605,0,,17663,85,,122750,1
,29.2408,40.2489,91603,Bursa,16,Gürsu,91603,0,,18745,124,,120132,1
,29.1458,39.6783,91616,Bursa,16,Harmancık,91616,0,,18383,667,,111615,1
,28.332,40.1319,91608,Bursa,16,Karacabey,91608,0,,17673,15,,118146,1
,29.2313,39.915,91609,Bursa,16,Keles,91609,0,,17695,1063,,114891,1
,29.2106,40.1861,91604,Bursa,16,Kestel,91604,0,,18384,230,,118821,1
,28.9017,40.3686,91610,Bursa,16,Mudanya,91610,0,,18385,4,,121434,1
,28.3995,40.0425,91611,Bursa,16,Mustafakemalpaşa,91611,0,,17675,60,,116838,1
,28.8585,40.2286,91601,Bursa,16,Nilüfer,91617,0,17116,18386,105,,119468,1
,28.9925,39.8967,91612,Bursa,16,Orhaneli,91612,0,,18083,522,,114886,1
,29.3278,40.4911,91613,Bursa,16,Orhangazi,91613,0,,18387,96,,123409,1
,29.0133,40.2308,91601,Bursa,16,Osmangazi,91601,1,17116,17116,100,,119472,1
,29.129,40.1075,17676,Bursa,16,Uludağ Kayak Merkezi,91618,0,,17676,1877,,117509,0
,29.5624,40.2552,91614,Bursa,16,Yenişehir,91614,0,,17118,238,,120139,1
,29.5624,40.2552,91614,Bursa,16,Yenişehir Havalimanı,91619,0,,17118,238,,120139,0
,29.1086,40.1919,91601,Bursa,16,Yıldırım,91602,0,17116,18746,147,,118819,1
,29.5619,40.0657,91606,Bursa,16,İnegöl,91606,0,,17984,290,,116864,1
,29.7302,40.4267,91607,Bursa,16,İznik,91607,0,,17661,90,,122108,1
,43.1533,11.5505,,Cibuti,99,Cibuti,99903,0,,20994,3,,,1
,29.3498,37.4337,92015,Denizli,20,Acıpayam,92015,0,,17890,941,,78869,1
,28.8525,37.8022,92008,Denizli,20,Babadağ,92008,0,,18294,903,,84098,1
,29.6128,37.9792,92012,Denizli,20,Baklan,92012,0,,18295,1032,,86735,1
,29.4139,38.2228,92009,Denizli,20,Bekilli,92009,0,,18296,845,,90661,1
,28.8843,37.2266,92013,Denizli,20,Beyağaç,92013,0,,18297,658,,75584,1
,29.6178,37.8156,92014,Denizli,20,Bozkurt,92014,0,,18298,885,,84115,1
,28.845,38.0419,92016,Denizli,20,Buldan,92016,0,,18299,564,,87373,1
,29.1894,37.3181,92022,Denizli,20,Denizli Kayak Merkezi,92022,0,,18303,1918,,76901,0
,29.0587,38.1515,92004,Denizli,20,Güney,92004,0,,17824,825,,89343,1
,29.2809,37.7664,92010,Denizli,20,Honaz,92010,0,,18300,492,,83453,1
,28.8605,37.4343,92005,Denizli,20,Kale,92005,0,,18301,1190,,78858,1
,29.0921,37.762,92001,Denizli,20,Merkez,92001,1,17237,17237,425,,83448,1
,29.0921,37.762,92001,Denizli,20,Merkezefendi,92002,0,17237,17237,0,,83448,1
,29.0714,37.9603,92003,Denizli,20,Pamukkale,92003,0,17237,17867,198,,86723,1
,28.9081,37.9111,92006,Denizli,20,Sarayköy,92006,0,,18068,194,,86064,1
,29.2781,37.59,92011,Denizli,20,Serinhisar,92011,0,,18302,923,,80833,1
,29.059,37.5654,92007,Denizli,20,Tavas,92007,0,,18065,897,,80828,1
,29.3953,38.0894,92017,Denizli,20,Çal,92017,0,,18067,817,,88695,1
,29.3685,37.0621,92018,Denizli,20,Çameli,92018,0,,18066,1262,,73630,1
,29.7011,37.785,92019,Denizli,20,Çardak,92019,0,,17257,848,,84117,1
,29.7011,37.785,92019,Denizli,20,Çardak Havalimanı,92021,0,,17257,848,,84117,0
,29.712,38.2603,92020,Denizli,20,Çivril,92020,0,,17825,824,,90667,1
,40.2133,37.9094,92101,Diyarbakır,21,Bağlar,92101,1,17280,17281,674,,86316,1
,40.6544,37.8308,92117,Diyarbakır,21,Bismil,92117,0,,18165,558,,85015,1
,40.07,38.3597,92109,Diyarbakır,21,Dicle,92109,0,,18323,879,,92862,1
,40.2027,37.8973,92101,Diyarbakır,21,Diyarbakır Havalimanı,92118,0,17280,17280,674,,85660,0
,39.766,38.267,92110,Diyarbakır,21,Ergani,92110,0,,17847,986,,90891,1
,40.0756,38.2506,92116,Diyarbakır,21,Eğil,92116,0,,18324,837,,90897,1
,40.4011,38.4114,92111,Diyarbakır,21,Hani,92111,0,,18325,907,,93525,1
,40.7792,38.2506,92112,Diyarbakır,21,Hazro,92112,0,,18326,1000,,90913,1
,40.2027,37.8973,92101,Diyarbakır,21,Kayapınar,92102,0,17280,17280,0,,85660,1
,40.5086,38.2917,92105,Diyarbakır,21,Kocaköy,92105,0,,18328,966,,91562,1
,41.01,38.5042,92113,Diyarbakır,21,Kulp,92113,0,,18329,1150,,94848,1
,40.6447,38.4531,92114,Diyarbakır,21,Lice,92114,0,,18163,954,,94185,1
,41.0081,38.1328,92115,Diyarbakır,21,Silvan,92115,0,,18164,804,,89608,1
,40.2328,37.9247,92101,Diyarbakır,21,Sur,92103,0,17280,17283,679,,86316,1
,40.2328,37.9247,92101,Diyarbakır,21,Yenişehir,92104,0,17280,18166,0,,86316,1
,39.4644,38.1371,92106,Diyarbakır,21,Çermik,92106,0,,17874,695,,89574,1
,39.3072,38.21,92108,Diyarbakır,21,Çüngüş,92108,0,,18322,1036,,90225,1
,40.4111,37.7325,92107,Diyarbakır,21,Çınar,92107,0,,18321,650,,83700,1
,31.1374,41.0895,98108,Düzce,81,Akçakoca,98108,0,,17015,10,,131964,1
,30.9507,40.8735,98103,Düzce,81,Cumayeri,98103,0,,19212,0,,128685,1
,31.0186,40.7817,98104,Düzce,81,Gölyaka,98104,0,,18259,118,,127376,1
,30.9375,40.8466,98106,Düzce,81,Gümüşova,98106,0,,17072,0,Bu merkez sondurum verisini Düzce/Merkez'den almaktadır.,128684,1
,31.3194,40.7731,98107,Düzce,81,Kaynaşlı,98107,0,,19214,0,,127383,1
,31.1488,40.8437,98101,Düzce,81,Merkez,98101,1,17072,17072,146,,128689,1
,31.44,40.9725,98102,Düzce,81,Yığılca,98102,0,,18260,501,,130661,1
,31.046,40.8918,98105,Düzce,81,Çilimli,98105,0,,19213,0,,129342,1
,26.2333,40.6483,92202,Edirne,22,Enez,92202,0,,18097,64,,125305,1
,26.639197,41.966275,92206,Edirne,22,Hamzabeyli Sınır Kapısı,92210,0,,19106,400,,144964,0
,26.8547,41.5361,92203,Edirne,22,Havsa,92203,0,17050,18098,123,,138419,1
,26.4063,41.73897,92201,Edirne,22,Kapıkule Sınır Kapısı,92211,0,17050,19107,104,,141684,0
,26.6278,40.8378,92205,Edirne,22,Keşan,92205,0,,18393,90,,128589,1
,26.7367,41.8306,92206,Edirne,22,Lalapaşa,92206,0,17050,18096,180,,143001,1
,26.4244,41.1975,92207,Edirne,22,Meriç,92207,0,17050,18394,50,,133824,1
,26.5508,41.6767,92201,Edirne,22,Merkez,92201,1,17050,17050,51,,140377,1
,26.9164,41.7742,92209,Edirne,22,Süloğlu,92209,0,17050,18395,190,,141695,1
,26.7056,41.2726,92208,Edirne,22,Uzunköprü,92208,0,17050,17608,45,,134485,1
,26.39,40.89,92204,Edirne,22,İpsala,92204,0,,17632,81,,129238,1
,39.9997,38.4919,92309,Elazığ,23,Alacakaya,92309,0,,19260,967,,94171,1
,40.1386,38.5542,92307,Elazığ,23,Arıcak,92307,0,,18351,1078,,95484,1
,38.7182,38.9413,92310,Elazığ,23,Ağın,92310,0,,17766,900,,100692,1
,38.8352,38.5725,92311,Elazığ,23,Baskil,92311,0,,17843,1300,,95455,1
,39.2973,38.6058,92301,Elazığ,23,Elazığ Havalimanı,92313,0,17201,17202,881,,96120,0
,40.0428,38.9425,92302,Elazığ,23,Karakoçan,92302,0,,17774,1090,,100722,1
,38.7492,38.7933,92303,Elazığ,23,Keban,92303,0,,17804,823,,98728,1
,39.8492,38.7017,92308,Elazığ,23,Kovancılar,92308,0,,18178,1028,,97442,1
,39.6757,38.3924,92304,Elazığ,23,Maden,92304,0,,17846,1047,,92854,1
,39.2973,38.6058,92301,Elazığ,23,Merkez,92301,1,17201,17201,881,,96120,1
,39.926,38.6907,92305,Elazığ,23,Palu,92305,0,,17806,869,,97444,1
,39.3101,38.4507,92306,Elazığ,23,Sivrice,92306,0,,17844,1240,,94155,1
,39.3101,38.4507,17844,Elazığ,23,Sivrice Kayak Merkezi,92312,0,,18589,1240,,94155,0
,39.2935,39.3624,92411,Erzincan,24,Ergan Kayak Merkezi,92411,0,,17983,2347,,107255,0
,39.525,39.716,92401,Erzincan,24,Erzincan Havalimanı,92410,0,17094,17092,1154,,112500,0
,39.0328,39.6011,92403,Erzincan,24,Kemah,92403,0,,18200,1071,,110524,1
,38.4906,39.2808,92404,Erzincan,24,Kemaliye,92404,0,,18362,910,,105927,1
,39.4868,39.7523,92401,Erzincan,24,Merkez,92401,1,17094,17094,1216,,112499,1
,40.02,39.9703,92408,Erzincan,24,Otlukbeli,92408,0,,18363,1740,,115786,1
,38.7672,39.9044,92405,Erzincan,24,Refahiye,92405,0,,18199,1594,,115103,1
,40.3906,39.7769,92406,Erzincan,24,Tercan,92406,0,,17718,1429,,113174,1
,40.0364,39.8156,92409,Erzincan,24,Çayırlı,92409,0,,18360,1515,,113822,1
,39.6782,39.6964,92407,Erzincan,24,Üzümlü,92407,0,,18364,1318,,111849,1
,38.5633,39.4611,92402,Erzincan,24,İliç,92402,0,,18361,1085,,108549,1
,41.107,39.9449,92518,Erzurum,25,Aziziye,92518,0,,17096,0,,115810,1
,40.7092,39.9306,92502,Erzurum,25,Aşkale,92502,0,,18205,1691,,115147,1
,41.1897,39.9529,92518,Erzurum,25,Erzurum Havalimanı,92522,0,,17096,1758,,115812,0
,42.1705,40.0383,92505,Erzurum,25,Horasan,92505,0,,17690,1540,,117144,1
,41.6957,39.3688,92504,Erzurum,25,Hınıs,92504,0,,17740,1715,,107308,1
,42.1256,39.6964,92507,Erzurum,25,Karayazı,92507,0,,18204,2246,,111903,1
,42.0997,39.3475,92515,Erzurum,25,Karaçoban,92515,0,,18365,1544,,106662,1
,41.8522,39.9908,92519,Erzurum,25,Köprüköy,92519,0,,18366,1685,,116482,1
,41.8847,40.3447,92508,Erzurum,25,Narman,92508,0,,18202,1660,,121723,1
,41.9951,40.5497,92509,Erzurum,25,Oltu,92509,0,,17668,1312,,124345,1
,42.1272,40.8336,92510,Erzurum,25,Olur,92510,0,,18367,1395,,128933,1
,41.2903,39.8444,92520,Erzurum,25,Palandöken,92520,0,17095,17095,2615,,114504,1
,41.2903,39.8444,17777,Erzurum,25,Palandöken Kayak Merkezi,92521,0,,17777,2615,,114504,0
,41.5742,39.99,92511,Erzurum,25,Pasinler,92511,0,,18201,1720,,116476,1
,40.7892,40.4203,92517,Erzurum,25,Pazaryolu,92517,0,,18368,1520,,122353,1
,41.5125,39.6478,92513,Erzurum,25,Tekman,92513,0,,18370,1980,,111234,1
,41.5409,40.3013,92514,Erzurum,25,Tortum,92514,0,,17688,1576,,121060,1
,41.5518,40.5238,92516,Erzurum,25,Uzundere,92516,0,,17660,1151,,124335,1
,41.2544,39.9058,92501,Erzurum,25,Yakutiye,92501,1,17095,17095,1860,,115159,1
,40.975,39.6058,92503,Erzurum,25,Çat,92503,0,,18203,1907,,110567,1
,40.9997,40.4868,92506,Erzurum,25,İspir,92506,0,,17666,1223,,123668,1
,42.3433,40.5728,92512,Erzurum,25,Şenkaya,92512,0,,18369,1846,,125008,1
,30.9556,39.7661,92609,Eskişehir,26,Alpu,92609,0,,18088,771,,112965,1
,31.193,39.7033,92610,Eskişehir,26,Beylikova,92610,0,,18388,756,,111660,1
,30.5797,39.781,92601,Eskişehir,26,Eskişehir Havalimanı,92615,0,17126,17124,786,,112956,0
,31.8161,39.3922,92612,Eskişehir,26,Günyüzü,92612,0,,18090,856,,107089,1
,30.8628,39.1553,92613,Eskişehir,26,Han,92613,0,,18389,1234,,103793,1
,30.5287,39.8119,92601,Eskişehir,26,Hasan Polatkan Havalimanı,92616,0,17126,17123,787,,113610,0
,30.9886,39.485,92604,Eskişehir,26,Mahmudiye,92604,0,,17899,888,,109036,1
,30.5771,40.0263,92614,Eskişehir,26,Mihalgazi,92614,0,,19372,236,,116886,1
,31.4889,39.8733,92605,Eskişehir,26,Mihalıççık,92605,0,,18092,1388,,114287,1
,30.5502,39.7656,92601,Eskişehir,26,Odunpazarı,92601,1,17126,17126,801,,112956,1
,30.6136,40.0422,92606,Eskişehir,26,Sarıcakaya,92606,0,,18091,247,,116887,1
,30.6978,39.4483,92607,Eskişehir,26,Seyitgazi,92607,0,,18390,998,,108374,1
,31.5278,39.4455,92608,Eskişehir,26,Sivrihisar,92608,0,,17973,1065,,108393,1
,31.3683,39.4541,92608,Eskişehir,26,Sivrihisar Havalimanı,92617,0,,17125,968,,108389,0
,30.5287,39.8119,92601,Eskişehir,26,Tepebaşı,92602,0,17126,17123,0,,113610,1
,31.0209,39.3659,92603,Eskişehir,26,Çifteler,92603,0,,17723,900,,107071,1
,30.1243,39.8184,92611,Eskişehir,26,İnönü,92611,0,,19143,833,,113601,1
,35.221902,31.763896,99801,Filistin,98,Doğu Kudüs,99801,0,,,764,,,1
,34.463885,31.496962,99803,Filistin,98,Gazze,99803,0,,,38,,,1
,35.20159,31.903123,99802,Filistin,98,Ramallah,99802,0,,,880,,,1
,37.6925,37.4194,92707,Gaziantep,27,Araban,92707,0,,18152,518,,79054,1
,37.4617,36.9468,92701,Gaziantep,27,Gaziantep Havalimanı,92710,0,17261,17260,700,,71844,0
,38.0008,36.8356,92705,Gaziantep,27,Karkamış,92705,0,,18150,375,,70546,1
,37.8628,37.0122,92709,Gaziantep,27,Nizip,92709,0,,18153,477,,73163,1
,36.7533,37.1708,92706,Gaziantep,27,Nurdağı,92706,0,,18151,491,,75104,1
,37.4617,36.9468,92701,Gaziantep,27,Oğuzeli,92701,1,17261,17261,700,,71844,1
,37.5792,37.2917,92702,Gaziantep,27,Yavuzeli,92702,0,,18273,530,,77087,1
,36.5882,36.9585,92708,Gaziantep,27,İslahiye,92708,0,,17965,470,,71825,1
,37.351,37.0585,92701,Gaziantep,27,Şahinbey,92703,0,17261,18271,854,,73807,1
,37.2877,37.1701,92701,Gaziantep,27,Şehitkamil,92704,0,17261,18272,927,,75116,1
,38.7522,40.3275,92812,Giresun,28,Alucra,92812,0,,18224,1477,,120998,1
,38.232,40.9394,92813,Giresun,28,Bulancak,92813,0,,18558,0,,130156,1
,38.4495,40.7378,92814,Giresun,28,Dereli,92814,0,,,0,,126886,1
,38.9128,40.8106,92810,Giresun,28,Doğankent,92810,0,,18221,177,,128207,1
,38.7079,40.949,92815,Giresun,28,Espiye,92815,0,,18225,0,Bu merkez sondurum verisini Giresun/Tirebolu'dan almaktadır.,130167,1
,39.1408,41.0637,92816,Giresun,28,Eynesil,92816,0,,18559,0,,132142,1
,39.0027,41.0335,92802,Giresun,28,Görele,92802,0,,18560,0,,131484,1
,38.2667,40.9139,92811,Giresun,28,Güce,92811,0,,18561,390,,129502,1
,38.511,40.9171,92803,Giresun,28,Keşap,92803,0,,,680,,129508,1
,38.3878,40.9227,92801,Giresun,28,Merkez,92801,1,17034,17034,38,,130160,1
,38.15,40.9539,92806,Giresun,28,Piraziz,92806,0,,17462,6,,130155,1
,38.7658,40.9775,92805,Giresun,28,Tirebolu,92805,0,,18225,5,,130823,1
,38.6251,40.8735,92807,Giresun,28,Yağlıdere,92807,0,,18563,83,,128855,1
,38.7247,40.1339,92808,Giresun,28,Çamoluk,92808,0,,18220,1037,,118377,1
,39.009,40.9173,92809,Giresun,28,Çanakçı,92809,0,,18223,0,,129519,1
,38.4193,40.2872,92804,Giresun,28,Şebinkarahisar,92804,0,,17682,1364,,120336,1
,39.4361,40.1506,92902,Gümüşhane,29,Kelkit,92902,0,,18228,1483,,118393,1
,39.6578,40.2217,92905,Gümüşhane,29,Köse,92905,0,,18564,1635,,119708,1
,39.1456,40.6825,92906,Gümüşhane,29,Kürtün,92906,0,,18226,739,,126247,1
,39.4653,40.4598,92901,Gümüşhane,29,Merkez,92901,1,17088,17088,1216,,122979,1
,39.2989,40.5686,92904,Gümüşhane,29,Torul,92904,0,,18227,1009,,124940,1
,39.4037,40.6413,92907,Gümüşhane,29,Torul Zigana,92907,0,,17696,2050,,125598,0
,39.1289,40.1856,92903,Gümüşhane,29,Şiran,92903,0,,18565,1490,,119041,1
,43.7388,37.5744,93001,Hakkari,30,Merkez,93001,1,17285,17285,1727,,81154,1
,44.2862,37.5785,93003,Hakkari,30,Yüksekova,93003,0,,17920,1877,,81166,1
,44.2362,37.5533,93003,Hakkari,30,Yüksekova Selahaddin Eyyubi Havalimanı,93005,0,,17815,1854,,81165,0
,43.6117,37.247,93004,Hakkari,30,Çukurca,93004,0,,18234,1310,Bu merkez sondurum verisini Hakkari/Şemdinli'den almaktadır.,76566,1
,44.5819,37.2951,93002,Hakkari,30,Şemdinli,93002,0,,18234,1316,,77243,1
,36.245,36.12,93111,Hatay,31,Altınözü,93111,0,,18058,341,,60027,1
,36.2829,36.3615,93101,Hatay,31,Antakya,93101,1,17372,17372,82,,63303,1
,35.7833,36.24,93112,Hatay,31,Arsuz,93112,0,,18858,0,,61327,1
,36.2172,36.4889,93109,Hatay,31,Belen,93109,0,,18057,624,,65267,1
,36.1513,36.2048,93101,Hatay,31,Defne,93113,0,,17372,104,,61335,1
,36.1981,36.8244,93114,Hatay,31,Dörtyol,93114,0,,17962,29,,69851,1
,36.2086,36.9569,93108,Hatay,31,Erzin,93108,0,,18274,185,,71817,1
,36.5394,36.7975,93115,Hatay,31,Hassa,93115,0,,18275,363,,69859,1
,36.2829,36.3615,93101,Hatay,31,Hatay Havalimanı,93116,0,17372,17371,82,,63303,0
,36.4497,36.3639,93110,Hatay,31,Kumlu,93110,0,,18277,86,,63307,1
,36.3444,36.4917,93103,Hatay,31,Kırıkhan,93103,0,,18276,250,,65270,1
,36.1582,36.5924,93104,Hatay,31,Payas,93104,0,,17486,0,,66575,1
,36.4981,36.2658,93105,Hatay,31,Reyhanlı,93105,0,,17645,96,,61998,1
,35.9492,36.0814,93106,Hatay,31,Samandağ,93106,0,,17986,4,,59366,1
,36.0644,35.9081,93107,Hatay,31,Yayladağı,93107,0,,18278,437,,56748,1
,36.1582,36.5924,93102,Hatay,31,İskenderun,93102,0,,17370,4,,66575,1
,31.066,37.7999,93208,Isparta,32,Aksu,93208,0,,17865,1240,,84147,1
,30.6396,37.9549,93211,Isparta,32,Atabey,93211,0,,17885,1000,,86758,1
,30.742508,37.770052,17888,Isparta,32,Davraz Kayak Merkezi,93214,0,,17888,1951,,83485,0
,30.872,37.8377,93212,Isparta,32,Eğirdir,93212,0,,17882,920,,84798,1
,30.9986,38.1242,93213,Isparta,32,Gelendost,93213,0,,18114,1010,,88731,1
,30.4869,37.9264,93209,Isparta,32,Gönen,93209,0,,18315,964,,86099,1
,30.2936,37.9297,93202,Isparta,32,Keçiborlu,93202,0,,18316,1030,,86095,1
,30.7679,37.7848,93201,Isparta,32,Merkez,93201,1,17240,17240,997,,84141,1
,30.5577,38.1047,93203,Isparta,32,Senirkent,93203,0,,17826,959,,88721,1
,30.3683,37.8554,93209,Isparta,32,Süleyman Demirel Havalimanı,93215,0,,17241,869,,84787,0
,30.9721,37.4939,93204,Isparta,32,Sütçüler,93204,0,,17893,985,,79560,1
,30.4582,38.086,93206,Isparta,32,Uluborlu,93206,0,,17864,1025,,88064,1
,31.1778,38.283,93207,Isparta,32,Yalvaç,93207,0,,17828,1096,,91355,1
,31.4056,37.7181,93210,Isparta,32,Yenişarbademli,93210,0,,18115,1169,,82845,1
,31.3558,38.063,93205,Isparta,32,Şarkikaraağaç,93205,0,,17863,1158,,88084,1
,44.5117,39.8683,97604,Iğdır,76,Aralık,97604,0,,18195,826,,114576,1
,44.0843,39.593,97603,Iğdır,76,Karakoyunlu,97603,0,,18371,867,,110637,1
,44.0523,39.9227,97601,Iğdır,76,Merkez,97601,1,17100,17100,856,,115221,1
,43.6672,40.0447,97602,Iğdır,76,Tuzluca,97602,0,,18372,1110,,117177,1
,43.8779,39.9775,97601,Iğdır,76,Şehit Bülent Aydın Havalimanı,97605,0,17100,17763,937,,115872,0
,36.919,38.2405,94607,Kahramanmaraş,46,Afşin,94607,0,,17868,1230,,90827,1
,36.3642,37.5908,94608,Kahramanmaraş,46,Andırın,94608,0,,18156,1108,,80990,1
,36.9685,37.5402,94601,Kahramanmaraş,46,Dulkadiroğlu,94609,0,,17256,525,,80348,1
,37.1872,38.0494,94605,Kahramanmaraş,46,Ekinözü,94605,0,,18280,1246,,88213,1
,37.1982,38.2038,94611,Kahramanmaraş,46,Elbistan,94611,0,,17870,1137,,90179,1
,36.4823,38.024,94612,Kahramanmaraş,46,Göksun,94612,0,,17866,1344,,87543,1
,36.9685,37.5402,94601,Kahramanmaraş,46,Kahramanmaraş Havalimanı,94613,0,,17256,525,,80348,0
,36.915,37.576,94601,Kahramanmaraş,46,Merkez,94601,1,17255,17255,0,,81002,1
,37.4472,37.9564,94606,Kahramanmaraş,46,Nurhak,94606,0,,18281,1368,,86909,1
,36.915,37.576,94601,Kahramanmaraş,46,Onikişubat,94610,0,,17255,572,,81002,1
,37.2386,37.4736,94602,Kahramanmaraş,46,Pazarcık,94602,0,,18157,787,,79699,1
,36.8427,37.3835,94603,Kahramanmaraş,46,Türkoğlu,94603,0,,18282,535,,78381,1
,37.2909,37.7503,94604,Kahramanmaraş,46,Çağlayancerit,94604,0,,18279,0,,83631,1
,32.9708,41.4253,97805,Karabük,78,Eflani,97805,0,,18159,941,,137245,1
,32.5331,40.9442,97806,Karabük,78,Eskipazar,97806,0,,17641,757,,130030,1
,32.6294,41.2327,97801,Karabük,78,Merkez,97801,1,17077,17077,485,,133962,1
,32.91,41.0778,97802,Karabük,78,Ovacık,97802,0,,18266,1155,,132003,1
,32.6951,41.2636,97803,Karabük,78,Safranbolu,97803,0,,17904,581,,134618,1
,32.3267,41.1983,97804,Karabük,78,Yenice,97804,0,,18262,182,,133955,1
,33.7211,37.3372,97002,Karaman,70,Ayrancı,97002,0,,18211,1186,,77656,1
,32.6789,36.7589,97004,Karaman,70,Başyayla,97004,0,,18890,1480,,69118,1
,32.9075,36.6336,97006,Karaman,70,Ermenek,97006,0,,18210,1415,,67158,1
,32.9564,37.2186,97003,Karaman,70,Kazımkarabekir,97003,0,,18484,1070,,75674,1
,33.2202,37.1932,97001,Karaman,70,Merkez,97001,1,17246,17246,1018,,75680,1
,32.6223,36.7075,97005,Karaman,70,Sarıveliler,97005,0,,18485,1743,,68462,1
,43.6167,40.7419,93605,Kars,36,Akyaka,93605,0,,18373,1495,,127001,1
,43.1904,40.5114,93606,Kars,36,Arpaçay,93606,0,,17656,1720,,123717,1
,43.4311,40.3717,93607,Kars,36,Digor,93607,0,,18374,1640,,121757,1
,43.1116,40.564,93601,Kars,36,Harakani Havalimanı,93610,0,17097,17098,1795,,125025,0
,43.1261,40.1533,93608,Kars,36,Kağızman,93608,0,,18198,1349,,118475,1
,43.1073,40.6042,93601,Kars,36,Merkez,93601,1,17097,17098,1795,,125025,1
,42.5983,40.3329,93602,Kars,36,Sarıkamış,93602,0,,17692,2102,,121084,1
,42.61,40.308,18196,Kars,36,Sarıkamış Kayak Merkezi,93609,0,,18196,2315,,121084,0
,42.7908,40.4625,93603,Kars,36,Selim,93603,0,,18197,1860,,123053,1
,43.1628,40.7781,93604,Kars,36,Susuz,93604,0,,18375,1737,,127646,1
,34.0066,41.9778,93712,Kastamonu,37,Abana,93712,0,,19221,0,,145128,1
,33.3306,41.2467,93713,Kastamonu,37,Araç,93713,0,,18215,680,,134633,1
,33.2836,41.6361,93714,Kastamonu,37,Azdavay,93714,0,,18514,825,,139872,1
,33.5538,41.6869,93708,Kastamonu,37,Ağlı,93708,0,,19031,0,,140533,1
,34.0037,41.9597,93715,Kastamonu,37,Bozkurt,93715,0,,17606,167,,145128,1
,32.9476,41.8822,93716,Kastamonu,37,Cide,93716,0,,17604,36,,143794,1
,33.4439,41.5,93718,Kastamonu,37,Daday,93718,0,,18515,989,,137910,1
,33.8345,41.5996,93719,Kastamonu,37,Devrekani,93719,0,,17618,1050,,139884,1
,33.4597,42.0067,93709,Kastamonu,37,Doğanyurt,93709,0,,18516,10,,145770,1
,34.4634,41.6254,93710,Kastamonu,37,Hanönü,93710,0,,19222,0,,139898,1
,33.7926,41.305171,93701,Kastamonu,37,Kastamonu Havalimanı,93721,0,17074,17783,1048,,135298,0
,33.7111,41.8106,93702,Kastamonu,37,Küre,93702,0,,18518,1015,,142501,1
,33.7756,41.371,93701,Kastamonu,37,Merkez,93701,1,17074,17074,800,,135952,1
,33.0789,41.5566,93706,Kastamonu,37,Pınarbaşı,93706,0,,18513,1010,,139212,1
,33.7186,41.6244,93711,Kastamonu,37,Seydiler,93711,0,,18520,1052,,139881,1
,34.2225,41.4942,93703,Kastamonu,37,Taşköprü,93703,0,,18522,632,,137927,1
,34.0367,41.0132,93704,Kastamonu,37,Tosya,93704,0,,17650,870,,131373,1
,34.218,41.9538,93717,Kastamonu,37,Çatalzeytin,93717,0,,17625,75,,144477,1
,33.5406,41.2186,93705,Kastamonu,37,İhsangazi,93705,0,,18517,850,,133982,1
,33.7636,41.9789,93720,Kastamonu,37,İnebolu,93720,0,,17024,64,,145122,1
,33.23,41.8108,93707,Kastamonu,37,Şenpazar,93707,0,,18521,380,,142490,1
,36.1806,39.0044,93815,Kayseri,38,Akkışla,93815,0,,18454,1390,,101946,1
,35.85,38.8539,93805,Kayseri,38,Bünyan,93805,0,,18455,1335,,99974,1
,35.4797,38.3744,93806,Kayseri,38,Develi,93806,0,,17836,1204,,92760,1
,35.5244,38.5428,18149,Kayseri,38,Erciyes Kayak Merkezi,93817,0,,18149,2210,,95381,0
,35.5722,39.0844,93807,Kayseri,38,Felahiye,93807,0,,18456,1370,,103242,1
,35.5,38.687,93803,Kayseri,38,Hacılar,93803,0,17196,19185,1299,,97346,1
,35.4908,38.773,93801,Kayseri,38,Kayseri Havalimanı,93818,0,17196,17196,1053,,98656,0
,35.4908,38.773,93801,Kayseri,38,Kocasinan,93801,1,17196,17196,1053,,98656,1
,35.5,38.687,93801,Kayseri,38,Melikgazi,93802,0,17196,17196,1094,,97346,1
,36.3904,38.7251,93809,Kayseri,38,Pınarbaşı,93809,0,,17802,1542,,98021,1
,35.9464,39.0828,93810,Kayseri,38,Sarıoğlan,93810,0,,18459,1220,,103251,1
,36.5035,38.4781,93811,Kayseri,38,Sarız,93811,0,,17840,1599,,94093,1
,35.5,38.687,93816,Kayseri,38,Talas,93816,0,17196,19188,1092,,97346,1
,35.7912,38.4522,93812,Kayseri,38,Tomarza,93812,0,,17837,1402,,94077,1
,35.3628,38.1425,93813,Kayseri,38,Yahyalı,93813,0,,18461,1125,,89483,1
,35.0875,38.3408,93814,Kayseri,38,Yeşilhisar,93814,0,,18207,1141,,92097,1
,35.6794,39.1136,93804,Kayseri,38,Özvatan,93804,0,,18458,1375,,103245,1
,35.1753,38.6253,93808,Kayseri,38,İncesu,93808,0,,18457,1130,,96029,1
,37.4731,36.6725,97902,Kilis,79,Elbeyli,97902,0,,18155,508,,67915,1
,37.1123,36.7085,97901,Kilis,79,Merkez,97901,1,17262,17262,640,,68562,1
,36.9203,36.885,97903,Kilis,79,Musabeyli,97903,0,,18154,739,,71177,1
,37.1486,36.8419,97904,Kilis,79,Polateli,97904,0,,18283,851,,70527,1
,29.9653,40.7083,94109,Kocaeli,41,Başiskele,94109,0,17066,18409,105,,126698,1
,30.08,40.73,94113,Kocaeli,41,Cengiz Topel Havalimanı,94114,0,17066,17068,70,,126700,0
,29.39,40.7736,94111,Kocaeli,41,Darıca,94111,0,17066,18410,0,,127340,1
,29.9173,40.7663,94108,Kocaeli,41,Derince,94108,0,17066,19116,74,,127352,1
,29.5728,40.7811,94112,Kocaeli,41,Dilovası,94112,0,17066,18411,160,,127344,1
,29.4342,40.823,94103,Kocaeli,41,Gebze,94103,0,17066,17639,176,,127996,1
,29.8066,40.7268,94104,Kocaeli,41,Gölcük,94104,0,17066,17067,18,,126694,1
,30.1317,41.0617,94105,Kocaeli,41,Kandıra,94105,0,,18104,40,,131941,1
,29.5561,40.6772,94106,Kocaeli,41,Karamürsel,94106,0,,18412,114,,126034,1
,30.025,40.7108,94113,Kocaeli,41,Kartepe,94102,0,,18413,80,,126699,1
,30.026999999999997,40.7109,94102,Kocaeli,41,Kartepe Kayak Merkezi,94113,0,,17630,1320,,126699,0
,29.7503,40.7694,94107,Kocaeli,41,Körfez,94107,0,17066,18414,0,,127348,1
,29.39,40.7736,94110,Kocaeli,41,Çayırova,94110,0,17066,19115,123,,127340,1
,29.9173,40.7663,94101,Kocaeli,41,İzmit,94101,1,17066,17066,0,,127352,1
,32.1147,37.2403,94204,Konya,42,Ahırlı,94204,0,,18486,1185,,76311,1
,32.3803,37.4517,94227,Konya,42,Akören,94227,0,,18487,1114,,78936,1
,31.4297,38.3688,94212,Konya,42,Akşehir,94212,0,,17239,1002,,92670,1
,32.8792,38.2989,94228,Konya,42,Altınekin,94228,0,,18488,1080,,91393,1
,31.7463,37.6777,94213,Konya,42,Beyşehir,94213,0,,17242,1141,,82197,1
,32.2461,37.1833,94214,Konya,42,Bozkır,94214,0,,18489,1170,,75003,1
,32.9219,38.6506,94215,Konya,42,Cihanbeyli,94215,0,,17191,973,,96633,1
,32.0172,38.0164,94206,Konya,42,Derbent,94206,0,,18491,1540,,87443,1
,31.5144,37.3919,94229,Konya,42,Derebucak,94229,0,,18492,1275,,87443,1
,31.6764,38.1369,94217,Konya,42,Doğanhisar,94217,0,,18493,1335,,89401,1
,33.8411,37.8925,94207,Konya,42,Emirgazi,94207,0,,18494,1100,,85519,1
,34.0485,37.5255,94218,Konya,42,Ereğli,94218,0,,17248,1046,,80284,1
,32.7208,37.268,94208,Konya,42,Güneysınır,94208,0,,18495,1190,,76324,1
,32.4557,36.9893,94219,Konya,42,Hadim,94219,0,,17928,1552,,72388,1
,34.1519,37.4414,94209,Konya,42,Halkapınar,94209,0,,18496,1170,,78976,1
,31.5964,37.9653,94230,Konya,42,Hüyük,94230,0,,18497,1323,,86779,1
,31.894,38.2763,94220,Konya,42,Ilgın,94220,0,,17832,1036,,91371,1
,32.2105,38.2402,94221,Konya,42,Kadınhanı,94221,0,,17832,0,Bu merkez sondurum verisini Konya/Ilgın'dan almaktadır.,90723,1
,33.5261,37.7147,94222,Konya,42,Karapınar,94222,0,,17902,996,,82892,1
,32.5839,37.8606,94201,Konya,42,Karatay,94231,0,17245,18213,1011,,84836,1
,32.574,37.9837,94201,Konya,42,Konya Havalimanı,94232,0,17245,17244,1031,,86801,0
,33.0657,39.0788,94223,Konya,42,Kulu,94223,0,,17754,1005,,103187,1
,32.4713,37.8687,94201,Konya,42,Meram,94201,1,17245,17245,1029,,85488,1
,32.3875,38.262,94224,Konya,42,Sarayönü,94224,0,,19322,1060,,90727,1
,32.574,37.9837,94201,Konya,42,Selçuklu,94202,0,17245,17244,1031,,86801,1
,31.849,37.4267,94225,Konya,42,Seydişehir,94225,0,,17898,1129,,78925,1
,32.4976,36.9093,94203,Konya,42,Taşkent,94203,0,,18498,1679,,71079,1
,31.6525,38.4672,94210,Konya,42,Tuzlukçu,94210,0,,18499,1008,,93985,1
,32.1122,37.2922,94211,Konya,42,Yalıhüyük,94211,0,,18500,1170,,76965,1
,31.7258,38.8205,94226,Konya,42,Yunak,94226,0,,17798,1148,,99227,1
,31.804,39.0239,94205,Konya,42,Çeltik,94205,0,,18490,872,,101849,1
,32.79,37.5658,94216,Konya,42,Çumra,94216,0,,17900,1014,,80911,1
,30.0967,39.0594,94310,Kütahya,43,Altıntaş,94310,0,,18093,1021,,102466,1
,29.8669,39.2214,94304,Kütahya,43,Aslanapa,94304,0,,18391,1041,,105081,1
,29.5847,39.7853,94311,Kütahya,43,Domaniç,94311,0,,18094,886,,112934,1
,29.9789,38.8526,94305,Kütahya,43,Dumlupınar,94305,0,,17747,1250,,99843,1
,29.2713,39.3391,94312,Kütahya,43,Emet,94312,0,,17707,976,,106377,1
,29.4003,38.9947,94313,Kütahya,43,Gediz,94313,0,,17750,736,,101795,1
,29.2625,39.23,94306,Kütahya,43,Hisarcık,94306,0,,18835,853,,105066,1
,30.0224,39.4198,94301,Kütahya,43,Kütahya Havalimanı,94315,0,17155,17755,922,,107704,0
,29.9891,39.4171,94301,Kütahya,43,Merkez,94301,1,17155,17155,969,,107703,1
,29.1231,38.9894,94309,Kütahya,43,Pazarlar,94309,0,,18392,934,,101789,1
,28.9786,39.0925,94302,Kütahya,43,Simav,94302,0,,17748,809,,103096,1
,29.4941,39.5384,94303,Kütahya,43,Tavşanlı,94303,0,,17704,833,,109657,1
,30.1302,39.1136,94310,Kütahya,43,Zafer Havalimanı,94314,0,,17154,1011,,103121,0
,29.5878,39.1758,94308,Kütahya,43,Çavdarhisar,94308,0,,18095,1056,,104419,1
,29.2003,39.0122,94307,Kütahya,43,Şaphane,94307,0,,18606,970,,101791,1
,32.95,35.3,,Kıbrıs,100,Akdeniz,99911,0,,17505,100,,,1
,33.22,35.34,,Kıbrıs,100,Alsancak,99906,0,,17572,100,,,1
,33.5,35.1,,Kıbrıs,100,Ercan,99905,0,,17521,100,,,1
,33.93,35.1,84,Kıbrıs,100,Gazimagosa,99910,0,,17540,100,,,1
,33.72,35.2,,Kıbrıs,100,Geçitkale,99915,0,,17530,100,,,1
,33.39,35.33,82,Kıbrıs,100,Girne,99914,0,,17510,100,,,1
,32.97,35.18,85,Kıbrıs,100,Güzelyurt,99908,0,,17500,100,,,1
,32.83,35.1,,Kıbrıs,100,Lefke,99909,0,,17501,100,,,1
,33.35,35.2,83,Kıbrıs,100,Lefkoşa,99916,0,,17515,100,,,1
,34.17,35.5,,Kıbrıs,100,Yenierenköy,99907,0,,17550,100,,,1
,32.74,35.16,,Kıbrıs,100,Yeşilırmak,99913,0,,17507,100,,,1
,33.88,35.3,,Kıbrıs,100,İskele,99912,0,,17535,100,,,1
,27.0622,41.4433,93907,Kırklareli,39,Babaeski,93907,0,,18405,85,,137113,1
,27.7589,41.8228,93908,Kırklareli,39,Demirköy,93908,0,,18102,330,,143024,1
,27.1539,41.9411,93902,Kırklareli,39,Kofçaz,93902,0,,18406,425,,144320,1
,27.3108,41.3513,93903,Kırklareli,39,Lüleburgaz,93903,0,,17631,46,,135809,1
,27.2178,41.7382,93901,Kırklareli,39,Merkez,93901,1,17052,17052,232,,141702,1
,26.9394,41.3556,93904,Kırklareli,39,Pehlivanköy,93904,0,,18407,50,,135801,1
,27.5236,41.6311,93905,Kırklareli,39,Pınarhisar,93905,0,,18398,0,,139744,1
,28.0661,41.6378,93906,Kırklareli,39,Vize,93906,0,,18398,8,,139756,1
,33.4297,39.7356,97103,Kırıkkale,71,Bahşili,97103,0,17135,18263,798,,112365,1
,33.7147,39.9153,97104,Kırıkkale,71,Balışeyh,97104,0,,18264,886,,114991,1
,34.0328,39.9406,97108,Kırıkkale,71,Delice,97108,0,,18081,674,,115653,1
,33.3817,39.5944,97106,Kırıkkale,71,Karakeçili,97106,0,,17735,814,,110399,1
,33.6118,39.6682,97109,Kırıkkale,71,Keskin,97109,0,,17730,1140,,111714,1
,33.5181,39.8433,97101,Kırıkkale,71,Merkez,97101,1,17135,17135,751,,114332,1
,33.7131,40.1606,97102,Kırıkkale,71,Sulakyurt,97102,0,,18255,878,,118921,1
,33.4527,39.851,97107,Kırıkkale,71,Yahşihan,97107,0,17135,19216,0,,114330,1
,33.5178,39.4642,97105,Kırıkkale,71,Çelebi,97105,0,,18254,1299,,108437,1
,33.977,39.4486,94003,Kırşehir,40,Akpınar,94003,0,,18119,1156,,108447,1
,34.0944,39.6128,94004,Kırşehir,40,Akçakent,94004,0,,18462,1450,,110415,1
,34.3421,39.3038,94005,Kırşehir,40,Boztepe,94005,0,,17745,1127,,106490,1
,33.7064,39.3652,94007,Kırşehir,40,Kaman,94007,0,,17756,1075,,107131,1
,34.1561,39.1639,94001,Kırşehir,40,Merkez,94001,1,17160,17160,1007,,103866,1
,34.3767,39.0602,94002,Kırşehir,40,Mucur,94002,0,,17758,1074,,102561,1
,34.4235,39.6067,94006,Kırşehir,40,Çiçekdağı,94006,0,,17732,900,,110422,1
,38.0586,38.3406,94409,Malatya,44,Akçadağ,94409,0,,17706,864,,92163,1
,38.4875,39.0405,94410,Malatya,44,Arapgir,94410,0,,17764,1200,,102652,1
,38.2639,38.7806,94411,Malatya,44,Arguvan,94411,0,,18189,1170,,98717,1
,38.3564,38.4531,94401,Malatya,44,Battalgazi,94404,0,17197,18187,738,,94134,1
,37.4908,38.5603,94412,Malatya,44,Darende,94412,0,,18185,1069,,95425,1
,39.0374,38.3132,94405,Malatya,44,Doğanyol,94405,0,,18352,906,,92184,1
,37.8873,38.0958,94413,Malatya,44,Doğanşehir,94413,0,,17872,1223,,88884,1
,37.9508,38.8122,94414,Malatya,44,Hekimhan,94414,0,,18183,1227,,99365,1
,38.7507,38.4073,94406,Malatya,44,Kale,94406,0,,17845,722,,93488,1
,37.6647,38.885,94407,Malatya,44,Kuluncak,94407,0,,18184,1343,,100014,1
,38.0934,38.4343,94409,Malatya,44,Malatya Havalimanı,94415,0,,17200,849,,93473,0
,38.25,38.35,94401,Malatya,44,Merkez,94401,1,17197,17197,0,,92167,1
,38.8742,38.1958,94402,Malatya,44,Pütürge,94402,0,,18186,1265,,90216,1
,38.25,38.35,94401,Malatya,44,Tulga Havalimanı,94416,0,17197,17197,919,,92167,0
,38.1794,38.6008,94408,Malatya,44,Yazıhan,94408,0,,18188,835,,96095,1
,38.2853,38.3231,94401,Malatya,44,Yeşilyurt,94403,0,17197,17199,1010,,92168,1
,27.9269,38.5492,94510,Manisa,45,Ahmetli,94510,0,,18451,62,,95212,1
,27.8233,38.9118,94513,Manisa,45,Akhisar,94513,0,,17184,92,,100450,1
,27.834,38.8095,94513,Manisa,45,Akhisar Havalimanı,94520,0,,17181,79,,99140,0
,28.5266,38.373,94514,Manisa,45,Alaşehir,94514,0,,17797,189,,92606,1
,28.6482,39.0349,94515,Manisa,45,Demirci,94515,0,,17746,855,,102434,1
,27.9481,38.6972,94511,Manisa,45,Gölmarmara,94511,0,,18043,92,,97178,1
,28.3038,38.9366,94516,Manisa,45,Gördes,94516,0,,18041,622,,100461,1
,28.6368,38.5272,94518,Manisa,45,Kula,94518,0,,18042,720,,94573,1
,28.3992,38.7482,94512,Manisa,45,Köprübaşı,94512,0,,17795,250,,97843,1
,27.6735,39.1058,94517,Manisa,45,Kırkağaç,94517,0,,19137,158,,103067,1
,27.8049,38.61529999999999,94501,Manisa,45,Merkez,94501,1,17186,17186,71,,95865,1
,28.1234,38.4831,94502,Manisa,45,Salihli,94502,0,,17792,111,,93907,1
,27.5745,38.738,94504,Manisa,45,Saruhanlı,94504,0,,18051,37,,97825,1
,28.6939,38.2453,94503,Manisa,45,Sarıgöl,94503,0,,18452,203,,90645,1
,28.8639,38.7511,94505,Manisa,45,Selendi,94505,0,,18453,475,,97853,1
,27.6281,39.1886,94506,Manisa,45,Soma,94506,0,,18040,166,,104376,1
,27.4484,38.5538,17771,Manisa,45,Spil Dağı Kayak Merkezi,94519,0,,17771,1238,,95202,0
,27.7065,38.5312,94509,Manisa,45,Turgutlu,94509,0,,18052,45,,94553,1
,27.4049,38.6153,94501,Manisa,45,Yunusemre,94508,0,17186,17186,71,,95856,1
,27.4049,38.6153,94501,Manisa,45,Şehzadeler,94507,0,17186,17186,71,,95856,1
,40.7284,37.3103,94701,Mardin,47,Artuklu,94711,0,17275,17275,1040,,77157,1
,41.7033,37.5533,94707,Mardin,47,Dargeçit,94707,0,,18330,940,,81109,1
,40.2573,37.3464,94709,Mardin,47,Derik,94709,0,,18331,700,,77801,1
,40.5725,37.2058,94710,Mardin,47,Kızıltepe,94710,0,,18332,480,,75843,1
,40.6378,37.2336,94710,Mardin,47,Mardin Havalimanı,94712,0,,17276,527,,76500,0
,40.4914,37.4761,94702,Mardin,47,Mazıdağı,94702,0,,18167,1032,,79772,1
,40.7284,37.3103,94701,Mardin,47,Merkez,94701,1,17275,17275,0,,77157,1
,41.3272,37.4364,94703,Mardin,47,Midyat,94703,0,,18168,946,,79135,1
,41.2343,37.0833,94704,Mardin,47,Nusaybin,94704,0,,17948,488,,73893,1
,40.8889,37.5347,94706,Mardin,47,Savur,94706,0,,18334,940,,80436,1
,40.8139,37.3363,94708,Mardin,47,Yeşilli,94708,0,,18335,769,,77814,1
,40.9347,37.3961,94705,Mardin,47,Ömerli,94705,0,,18333,1134,,78472,1
,34.6411479,36.81203,93301,Mersin,33,Akdeniz,93301,1,17340,17340,7,,69817,1
,32.8649,36.0686,93310,Mersin,33,Anamur,93310,0,,17320,2,,59297,1
,33.3228,36.1442,93307,Mersin,33,Aydıncık,93307,0,,18061,2,,59962,1
,33.1297,36.1372,93308,Mersin,33,Bozyazı,93308,0,,18284,20,,59958,1
,34.338,36.6268,93302,Mersin,33,Erdemli,93302,0,,17958,7,,67190,1
,33.3797,36.3495,93303,Mersin,33,Gülnar,93303,0,,18059,1013,,63239,1
,34.5226,36.7454,93301,Mersin,33,Mezitli,93311,0,17340,19180,0,,69159,1
,33.4339,36.6514,93304,Mersin,33,Mut,93304,0,,17956,0,,67825,1
,33.9373,36.3824,93305,Mersin,33,Silifke,93305,0,,17330,10,,63906,1
,34.9597,36.8942,93306,Mersin,33,Tarsus,93306,0,,17978,12,,71134,1
,34.419823,37.058968,93301,Mersin,33,Toroslar,93312,0,17340,17340,0,,73742,1
,34.486359,36.866184,93301,Mersin,33,Yenişehir,93313,0,17340,17340,0,,70468,1
,34.605,37.1756,93309,Mersin,33,Çamlıyayla,93309,0,,18060,1115,,75056,1
,-14.38658,19.745887,,Moritanya,99,Moritanya/Akjoujt,99902,0,,20990,118,,,1
,27.4398,37.0328,94809,Muğla,48,Bodrum,94809,0,,17290,26,,72932,1
,27.6697,37.1402,94809,Muğla,48,Bodrum Imsık Havalimanı,94816,0,,17293,60,,74247,0
,28.7986,36.7719,94805,Muğla,48,Dalaman,94805,0,,17294,12,,69032,1
,28.7896,36.7229,94805,Muğla,48,Dalaman Havalimanı,94814,0,,17295,5,,68377,0
,27.6919,36.7083,94810,Muğla,48,Datça,94810,0,,17297,28,,68352,1
,29.1238,36.6266,94811,Muğla,48,Fethiye,94811,0,,17296,3,,67074,1
,28.3622,37.4508,94808,Muğla,48,Kavaklıdere,94808,0,,18022,973,,78847,1
,28.6869,36.97,94812,Muğla,48,Köyceğiz,94812,0,,17924,24,,72304,1
,28.2452,36.8395,94813,Muğla,48,Marmaris,94813,0,,17298,16,,70330,1
,28.3668,37.2095,94801,Muğla,48,Menteşe,94801,1,17292,17292,646,,75572,1
,27.7804,37.3027,94802,Muğla,48,Milas,94802,0,,17884,57,,76869,1
,27.6573,37.251,94802,Muğla,48,Milas Bodrum Havalimanı,94815,0,,17291,11,,76211,0
,28.7718,36.8257,94807,Muğla,48,Ortaca,94807,0,,18317,13,,69686,1
,29.4117,36.7,94806,Muğla,48,Seydikemer,94806,0,17292,18625,679,,68390,1
,28.3803,37.1303,94803,Muğla,48,Ula,94803,0,,18021,649,,74263,1
,28.1369,37.3395,94804,Muğla,48,Yatağan,94804,0,,17886,365,,77532,1
,42.2617,39.0961,94905,Muş,49,Bulanık,94905,0,,18581,1480,,103391,1
,41.6897,38.6823,94903,Muş,49,Hasköy,94903,0,,19094,1298,,97483,1
,41.86,38.7178,94904,Muş,49,Korkut,94904,0,,18582,1325,,98142,1
,42.5308,39.1436,94906,Muş,49,Malazgirt,94906,0,,17780,1515,,104052,1
,41.5023,38.7509,94901,Muş,49,Merkez,94901,1,17204,17204,1316,,98134,1
,41.6766,38.7432,94901,Muş,49,Muş Havalimanı,94907,0,17204,17206,1265,,98138,0
,41.4455,39.1763,94902,Muş,49,Varto,94902,0,,17778,1500,,104683,1
,34.5142,38.5481,95003,Nevşehir,50,Acıgöl,95003,0,,18463,1250,,95359,1
,34.8538,38.72,95004,Nevşehir,50,Avanos,95004,0,,17833,951,,97986,1
,34.7145,38.3397,95005,Nevşehir,50,Derinkuyu,95005,0,,18121,1320,,92088,1
,34.8375,38.6517,95002,Nevşehir,50,Göreme Kapadokya,95009,0,,18902,1075,,96676,0
,34.6247,38.7497,95006,Nevşehir,50,Gülşehir,95006,0,,18464,905,,97981,1
,34.5583,38.9436,95007,Nevşehir,50,Hacıbektaş,95007,0,,18122,1275,,101255,1
,34.5212,38.7713,95006,Nevşehir,50,Kapadokya Havalimanı,95010,0,,17194,945,,98634,0
,34.8511,39.21,95008,Nevşehir,50,Kozaklı,95008,0,,18123,1103,,104536,1
,34.7025,38.6163,95001,Nevşehir,50,Merkez,95001,1,17193,17193,1260,,96018,1
,34.9144,38.6218,95002,Nevşehir,50,Ürgüp,95002,0,,17835,1068,,96023,1
,34.3588,38.0015,95103,Niğde,51,Altunhisar,95103,0,,18501,1185,,87495,1
,34.5528,37.9214,95105,Niğde,51,Bor,95105,0,,18502,1215,,86190,1
,34.6795,37.9587,95101,Niğde,51,Merkez,95101,1,17250,17250,1211,,86848,1
,34.4867,37.548,95102,Niğde,51,Ulukışla,95102,0,,17906,1453,,80948,1
,34.9975,37.8358,95106,Niğde,51,Çamardı,95106,0,,18214,1603,,84890,1
,34.4619,38.1431,95104,Niğde,51,Çiftlik,95104,0,,18503,1630,,89463,1
,37.0181,40.7906,95219,Ordu,52,Akkuş,95219,0,,18131,1285,,128165,1
,37.8858,40.9838,95201,Ordu,52,Altınordu,95201,1,17033,17033,5,,130804,1
,37.3991,40.685,95202,Ordu,52,Aybastı,95202,0,,18523,0,,126208,1
,37.4878,41.0405,95203,Ordu,52,Fatsa,95203,0,,17689,2,,131450,1
,37.6186,40.6883,95204,Ordu,52,Gölköy,95204,0,,18130,0,,126213,1
,38.0842,40.9646,95211,Ordu,52,Gülyalı,95211,0,,17616,0,,130153,1
,37.5928,40.7861,95212,Ordu,52,Gürgentepe,95212,0,,18528,1260,,127522,1
,37.8898,40.859,95217,Ordu,52,Kabadüz,95217,0,,18534,0,Bu merkez sondurum verisini Ordu/Ulubey'den almaktadır.,128839,1
,37.4497,40.7512,95218,Ordu,52,Kabataş,95218,0,,18530,0,,127519,1
,37.3443,40.829,95205,Ordu,52,Korgan,95205,0,,19223,0,,128172,1
,37.2613,40.8728,95206,Ordu,52,Kumru,95206,0,,18531,0,,128825,1
,37.776,40.4661,95207,Ordu,52,Mesudiye,95207,0,,18532,1191,,122941,1
,38.084166,40.964581,95211,Ordu,52,Ordu Giresun Havalimanı,95221,0,,17616,0,,130153,0
,37.7739,41.066,95208,Ordu,52,Perşembe,95208,0,,17461,0,Bu merkez sondurum verisini Ordu/Perşembe (Yasonburnu Feneri)'den almaktadır.,132111,1
,37.7528,40.8733,95209,Ordu,52,Ulubey,95209,0,,18534,610,,128836,1
,37.5072,40.9111,95213,Ordu,52,Çamaş,95213,0,,18524,510,,129485,1
,37.9479,40.6255,18525,Ordu,52,Çambaşı Kayak Merkezi,95220,0,,18525,1991,,125565,0
,37.4531,40.879,95214,Ordu,52,Çatalpınar,95214,0,,19224,0,,129484,1
,37.1039,41.0211,95215,Ordu,52,Çaybaşı,95215,0,,18526,553,,131441,1
,37.293,41.143,95210,Ordu,52,Ünye,95210,0,,17624,16,,132756,1
,37.0779,41.0537,95216,Ordu,52,İkizce,95216,0,,18529,0,Bu merkez sondurum verisini Ordu/İkizce (Şenbolluk)'den almaktadır.,131441,1
,36.5778,37.2022,98006,Osmaniye,80,Bahçe,98006,0,,18063,606,,75755,1
,36.4542,37.262,98002,Osmaniye,80,Düziçi,98002,0,,18064,366,,76407,1
,36.5667,37.1333,98003,Osmaniye,80,Hasanbeyli,98003,0,,18289,909,,74444,1
,36.0907,37.3575,98007,Osmaniye,80,Kadirli,98007,0,,17907,86,,77709,1
,36.2539,37.1021,98001,Osmaniye,80,Merkez,98001,1,17355,17355,94,,74438,1
,36.0907,37.3575,98004,Osmaniye,80,Sumbas,98004,0,,19184,0,,77709,1
,36.1464,37.0743,98005,Osmaniye,80,Toprakkale,98005,0,,18290,106,,73780,1
,40.9912,41.1921,95306,Rize,53,Ardeşen,95306,0,,19243,7,,133493,1
,40.4289,40.9897,95303,Rize,53,Derepazarı,95303,0,,,397,,130860,1
,41.1556,41.2703,95309,Rize,53,Fındıklı,95309,0,,18567,190,,134806,1
,40.6083,40.9898,95302,Rize,53,Güneysu,95302,0,,17800,122,,130864,1
,40.8992,41.0503,95304,Rize,53,Hemşin,95304,0,,17769,307,,131526,1
,40.44,40.9278,95311,Rize,53,Kalkandere,95311,0,,17761,138,,130206,1
,40.5013,41.04,95301,Rize,53,Merkez,95301,1,17040,17040,0,,131517,1
,40.8993,41.1777,95312,Rize,53,Pazar,95312,0,,17628,78,,133491,1
,40.9942,41.0125,95307,Rize,53,Çamlıhemşin,95307,0,,17765,390,,131528,1
,41.1103,40.9518,95313,Rize,53,Çamlıhemşin Ayder,95313,0,,17713,1354,,130220,0
,40.7417,41.0603,95308,Rize,53,Çayeli,95308,0,,17781,54,,132177,1
,40.5591,40.7788,95310,Rize,53,İkizdere,95310,0,,19334,0,,127588,1
,40.3319,40.9835,95305,Rize,53,İyidere,95305,0,,17775,6,Bu merkez sondurum verilerini OF/Fidanlık istasyonundan almaktadır.,130858,1
,30.3934,40.7676,95401,Sakarya,54,Adapazarı,95401,1,17069,17069,30,,127362,1
,30.6258,40.3664,95405,Sakarya,54,Akyazı,95405,0,,18415,55,,121472,1
,30.1994,40.7053,95402,Sakarya,54,Arifiye,95402,0,17069,18106,0,,126703,1
,30.3934,40.7676,95401,Sakarya,54,Erenler,95403,0,17069,17069,0,,127362,1
,30.4856,40.9339,95414,Sakarya,54,Ferizli,95414,0,,18416,45,,129984,1
,30.296,40.5214,95406,Sakarya,54,Geyve,95406,0,,17662,100,,124085,1
,30.6797,40.7778,95407,Sakarya,54,Hendek,95407,0,,18105,65,,127369,1
,30.5342,40.6467,95415,Sakarya,54,Karapürçek,95415,0,,18417,140,,125400,1
,30.6901,41.1113,95408,Sakarya,54,Karasu,95408,0,,17644,4,,132609,1
,30.3169,41.0208,95409,Sakarya,54,Kaynarca,95409,0,,18418,40,,131291,1
,30.8469,41.0681,95411,Sakarya,54,Kocaali,95411,0,,18419,10,,131957,1
,30.01,40.52,95412,Sakarya,54,Pamukova,95412,0,,19118,96,,124079,1
,30.1994,40.7053,95410,Sakarya,54,Sapanca,95410,0,,18106,74,,126703,1
,30.32704,40.744048,95401,Sakarya,54,Serdivan,95404,0,17069,19120,0,,127361,1
,30.4856,40.9339,95416,Sakarya,54,Söğütlü,95416,0,,18416,0,,129984,1
,30.5208,40.3969,95413,Sakarya,54,Taraklı,95413,0,,18420,460,,122125,1
,35.6353,41.6307,95504,Samsun,55,Alaçam,95504,0,,17623,7,,139924,1
,36.2233,41.0369,95512,Samsun,55,Asarcık,95512,0,,18535,820,,131422,1
,36.2564,41.3442,95501,Samsun,55,Atakum,95501,1,17030,17030,4,,136008,1
,36.6339,40.9778,95516,Samsun,55,Ayvacık,95516,0,,18536,72,,130776,1
,35.9247,41.5515,95505,Samsun,55,Bafra,95505,0,,17622,103,,138620,1
,36.2564,41.3442,95502,Samsun,55,Canik,95502,0,17030,17030,0,,136008,1
,35.7089,40.9908,95507,Samsun,55,Havza,95507,0,,18539,675,,130755,1
,36.0551,41.0998,95508,Samsun,55,Kavak,95508,0,,18540,741,,132073,1
,35.9107,40.9101,95509,Samsun,55,Ladik,95509,0,,18135,0,,129450,1
,35.9075,40.8753,19037,Samsun,55,Ladik - Akdağ Kayak Merkezi,95518,0,,19037,0,,128795,0
,36.1186,41.5139,95513,Samsun,55,Ondokuzmayıs,95513,0,,18541,5,,138625,1
,36.825,41.0869,95514,Samsun,55,Salıpazarı,95514,0,,18542,75,,132090,1
,36.4986,41.2303,95515,Samsun,55,Tekkeköy,95515,0,,18132,6,,134048,1
,37.1594,41.1389,95510,Samsun,55,Terme,95510,0,,18544,8,,132753,1
,35.4544,41.1367,95511,Samsun,55,Vezirköprü,95511,0,,18134,378,,132715,1
,35.6353,41.6307,95517,Samsun,55,Yakakent,95517,0,,17623,0,,139924,1
,36.7347,41.2094,95506,Samsun,55,Çarşamba,95506,0,,18538,20,,134053,1
,36.5562,41.2583,95506,Samsun,55,Çarşamba Havalimanı,95519,0,,17031,7,,134704,0
,36.2564,41.3442,95501,Samsun,55,İlkadım,95503,0,17030,17030,0,,136008,1
,41.7917,38.1664,95604,Siirt,56,Baykan,95604,0,,18169,791,,89626,1
,42.1878,37.7522,95605,Siirt,56,Eruh,95605,0,,18337,1130,,83739,1
,41.7064,37.9186,95606,Siirt,56,Kurtalan,95606,0,,18338,730,,86349,1
,41.9354,37.9319,95601,Siirt,56,Merkez,95601,1,17210,17210,895,,86354,1
,42.5464,37.9286,95607,Siirt,56,Pervari,95607,0,,18339,1440,,86367,1
,41.8421,37.9783,95601,Siirt,56,Siirt Havalimanı,95608,0,17210,17209,612,,87007,0
,42.0127,37.9502,95603,Siirt,56,Tillo,95603,0,,19269,0,,86356,1
,42.0356,38.0558,95602,Siirt,56,Şirvan,95602,0,,18340,1025,,88321,1
,34.3342,41.9411,95705,Sinop,57,Ayancık,95705,0,,19039,127,,144480,1
,34.7853,41.463,95706,Sinop,57,Boyabat,95706,0,,17620,350,,137940,1
,35.2725,41.6636,95703,Sinop,57,Dikmen,95703,0,,18547,385,,140571,1
,35.0506,41.4344,95707,Sinop,57,Durağan,95707,0,,18548,287,,137291,1
,34.8947,41.8794,95708,Sinop,57,Erfelek,95708,0,,18136,190,,143837,1
,35.1545,42.0299,95709,Sinop,57,Gerze,95709,0,,18549,32,,145808,1
,35.1545,42.0299,95701,Sinop,57,Merkez,95701,1,17026,17026,0,,145808,1
,34.8497,41.3285,95704,Sinop,57,Saraydüzü,95704,0,,18550,417,,135976,1
,35.0811,42.021,95701,Sinop,57,Sinop Havalimanı,95710,0,17026,17028,7,,145806,0
,34.3342,41.9411,95702,Sinop,57,Türkeli,95702,0,,18551,0,,144480,1
,38.3411,40.1108,95806,Sivas,58,Akıncılar,95806,0,,18465,885,,117714,1
,36.7181,39.2758,95807,Sivas,58,Altınyayla,95807,0,,18466,1443,,105888,1
,38.1142,39.3618,95811,Sivas,58,Divriği,95811,0,,17734,1121,,107229,1
,37.5333,40.2169,95808,Sivas,58,Doğanşar,95808,0,,18467,1340,,119661,1
,36.0805,39.185,95812,Sivas,58,Gemerek,95812,0,,17162,1182,,104564,1
,38.6078,40.0636,95809,Sivas,58,Gölova,95809,0,,18468,1375,,117065,1
,37.2714,38.7239,95813,Sivas,58,Gürün,95813,0,,17841,1390,,98040,1
,37.3842,39.8531,95814,Sivas,58,Hafik,95814,0,,18469,1305,,114418,1
,37.389,39.2428,95816,Sivas,58,Kangal,95816,0,,17762,1521,,105248,1
,37.8239,40.3008,95817,Sivas,58,Koyulhisar,95817,0,,18471,860,,120977,1
,37.002,39.7437,95801,Sivas,58,Merkez,95801,1,17090,17090,1294,,112444,1
,36.8985,39.8094,95801,Sivas,58,Nuri Demirağ Havalimanı,95819,0,17090,17091,1600,,113752,0
,38.0752,40.1623,95802,Sivas,58,Suşehri,95802,0,,17684,1164,,119018,1
,37.0276,39.4414,95810,Sivas,58,Ulaş,95810,0,,17710,1392,,108515,1
,36.9406,40.137,18672,Sivas,58,Yıldızdağı Kayak Merkezi,95818,0,,18672,1730,,118338,0
,36.58,39.8639,95804,Sivas,58,Yıldızeli,95804,0,,18140,1368,,114400,1
,37.7473,39.8928,95805,Sivas,58,Zara,95805,0,,17716,1338,,115081,1
,38.0983,39.8758,95815,Sivas,58,İmranlı,95815,0,,18470,1595,,114434,1
,36.4408,39.3331,95803,Sivas,58,Şarkışla,95803,0,,18139,1253,,106537,1
,37.031579,36.636783,97902,Suriye,101,Afrin,99917,0,,20997,847,,,1
,37.508111,36.369417,97902,Suriye,101,El Bab,99904,0,,20995,521,,,1
,37.460543,36.623432,97902,Suriye,101,Çobanbey/El Rai,99901,0,,20991,514,,,1
,27.816,41.1798,95907,Tekirdağ,59,Ergene,95907,0,17056,19121,145,,133200,1
,27.0853,41.2172,95908,Tekirdağ,59,Hayrabolu,95908,0,,18108,108,,133839,1
,27.9196,41.2607,95902,Tekirdağ,59,Kapaklı,95902,0,,19122,0,,134512,1
,26.908,40.8873,95909,Tekirdağ,59,Malkara,95909,0,,17634,207,,129250,1
,27.9603,40.9717,95904,Tekirdağ,59,Marmaraereğlisi,95904,0,17056,17451,10,,130583,1
,27.5064,41.1767,95910,Tekirdağ,59,Muratlı,95910,0,,18422,95,,133193,1
,27.9342,41.4469,95911,Tekirdağ,59,Saray,95911,0,,18423,160,,137133,1
,27.4965,40.9585,95901,Tekirdağ,59,Süleymanpaşa,95901,1,17056,17056,4,,129918,1
,27.9196,41.2607,95905,Tekirdağ,59,Çerkezköy,95905,0,,17640,160,,134512,1
,27.9193,41.1388,95906,Tekirdağ,59,Çorlu,95906,0,,17051,160,,132547,1
,27.9193,41.1388,95906,Tekirdağ,59,Çorlu Havalimanı,95912,0,,17051,160,,132547,0
,27.075,40.6069,95903,Tekirdağ,59,Şarköy,95903,0,17056,18107,10,,124669,1
,36.9078,40.3664,96008,Tokat,60,Almus,96008,0,,18145,0,,121612,1
,36.3069,40.1128,96009,Tokat,60,Artova,96009,0,,18143,1180,,118324,1
,37.1625,40.551,96006,Tokat,60,Başçiftlik,96006,0,,17717,1414,,124238,1
,36.58,40.6931,96010,Tokat,60,Erbaa,96010,0,,18142,198,,126190,1
,36.5577,40.3312,96001,Tokat,60,Merkez,96001,1,17086,17086,611,,120949,1
,36.9353,40.5978,96011,Tokat,60,Niksar,96011,0,,18141,333,,124888,1
,36.2997,40.2819,96004,Tokat,60,Pazar,96004,0,,18552,625,,120289,1
,37.3258,40.3983,96012,Tokat,60,Reşadiye,96012,0,,18146,554,,122276,1
,36.0747,39.9933,96007,Tokat,60,Sulusaray,96007,0,,18144,1025,,116354,1
,36.3665,40.3068,96001,Tokat,60,Tokat Havalimanı,96013,0,17086,17087,558,,120945,0
,36.0988,40.3753,96002,Tokat,60,Turhal,96002,0,,17683,528,,121594,1
,36.2108,40.0007,96005,Tokat,60,Yeşilyurt,96005,0,,18553,1135,,116357,1
,35.8905,40.296,96003,Tokat,60,Zile,96003,0,,17681,719,,120934,1
,39.5615,41.0325,96113,Trabzon,61,Akçaabat,96113,0,17038,17626,3,,131496,1
,40.0536,40.945,96114,Trabzon,61,Araklı,96114,0,,17465,1,,130197,1
,39.9497,40.9486,96115,Trabzon,61,Arsin,96115,0,,,169,,130195,1
,39.2328,41.0522,96106,Trabzon,61,Beşikdüzü,96106,0,,,0,,131489,1
,40.2477,40.7993,96109,Trabzon,61,Dernekpazarı,96109,0,,,0,,128236,1
,40.1339,40.7708,96110,Trabzon,61,Düzköy,96110,0,,18229,622,,127579,1
,40.3679,40.8888,96111,Trabzon,61,Hayrat,96111,0,,18232,0,,129549,1
,40.1237,40.8085,96112,Trabzon,61,Köprübaşı,96112,0,,,0,,128234,1
,39.612,40.8137,96117,Trabzon,61,Maçka,96117,0,,,0,,128222,1
,39.6532,40.6985,96121,Trabzon,61,Maçka Altındere,96121,0,,17714,1030,,126913,0
,40.3319,40.9835,96118,Trabzon,61,Of,96118,0,,17775,0,,130858,1
,39.7649,40.9985,96101,Trabzon,61,Ortahisar,96101,1,17038,17037,39,,130846,1
,40.2097,40.9231,96102,Trabzon,61,Sürmene,96102,0,,18574,5,,130200,1
,39.2912,40.8861,96103,Trabzon,61,Tonya,96103,0,,,0,,129525,1
,39.783,40.995,96101,Trabzon,61,Trabzon Havalimanı,96119,0,17038,17038,39,,130846,0
,40.44350000000001,40.6193,96120,Trabzon,61,Uzungöl,96120,0,,17569,1114,,125621,0
,39.2751,41.0478,96104,Trabzon,61,Vakfıkebir,96104,0,,,0,,131490,1
,39.8655,40.954,96105,Trabzon,61,Yomra,96105,0,,,0,,130193,1
,39.4208,41.095,96108,Trabzon,61,Çarşıbaşı,96108,0,,17463,370,,132148,1
,40.243230000000004,40.75142,96116,Trabzon,61,Çaykara,96116,0,,19246,0,,127581,1
,39.1943,40.9413,96107,Trabzon,61,Şalpazarı,96107,0,,18559,0,Bu merkez sondurum verisini Trabzon/Eynesil (Ören Beldesi)'den almaktadır.,130178,1
,39.2314,39.1003,96203,Tunceli,62,Hozat,96203,0,,18354,1485,,103324,1
,39.6015,39.018,96204,Tunceli,62,Mazgirt,96204,0,,17736,1400,,102022,1
,39.5408,39.1058,96201,Tunceli,62,Merkez,96201,1,17165,17165,981,,103331,1
,39.8179,39.1787,96205,Tunceli,62,Nazımiye,96205,0,,18355,1602,,104647,1
,39.2419,39.3681,96206,Tunceli,62,Ovacık,96206,0,,18179,1280,,107254,1
,39.1672,38.9342,96207,Tunceli,62,Pertek,96207,0,,18769,1056,,100702,1
,38.8914,39.4844,96208,Tunceli,62,Pülümür,96208,0,,18586,1565,,109211,1
,38.9177,39.0401,96202,Tunceli,62,Çemişgezek,96202,0,,17768,898,,102662,1
,29.7436,38.7525,96402,Uşak,64,Banaz,96402,0,,18069,987,,97873,1
,28.9906,38.3961,96403,Uşak,64,Eşme,96403,0,,17827,809,,92616,1
,29.5425,38.3242,96404,Uşak,64,Karahallı,96404,0,,18304,905,,91973,1
,29.404,38.6712,96401,Uşak,64,Merkez,96401,1,17188,17188,919,,96555,1
,29.6953,38.4986,96405,Uşak,64,Sivaslı,96405,0,,18071,990,,94597,1
,29.2786,38.4169,96406,Uşak,64,Ulubey,96406,0,,18070,730,,93278,1
,29.4713,38.68,96401,Uşak,64,Uşak Havalimanı,96407,0,17188,17185,874,,97212,0
,42.8081,38.1192,96502,Van,65,Bahçesaray,96502,0,,18235,1648,,88993,1
,44.0173,38.0435,96506,Van,65,Başkale,96506,0,,17880,2286,,88365,1
,43.346,38.4693,96501,Van,65,Edremit,96501,1,17170,17172,1675,,94245,1
,43.3382,39.0197,96508,Van,65,Erciş,96508,0,,17784,1678,,102105,1
,43.3261,38.469,96501,Van,65,Ferit Melen Havalimanı,96514,0,17170,17170,1650,,94245,0
,43.1197,38.2963,96509,Van,65,Gevaş,96509,0,,17852,1694,,91620,1
,43.4077,38.3227,96510,Van,65,Gürpınar,96510,0,,18237,1748,,92282,1
,43.763,38.9898,96512,Van,65,Muradiye,96512,0,,17786,1706,,102114,1
,44.1772,38.6442,96505,Van,65,Saray,96505,0,,18585,2117,,96884,1
,43.346,38.4693,96501,Van,65,Tuşba,96504,0,17170,17172,1680,,94245,1
,43.9244,39.1377,96503,Van,65,Çaldıran,96503,0,,18238,2050,,104083,1
,43.0522,37.9956,96507,Van,65,Çatak,96507,0,,18583,1495,,87034,1
,43.9767,38.6573,96513,Van,65,Özalp,96513,0,,17812,1989,,96879,1
,43.346,38.4693,96501,Van,65,İpekyolu,96511,0,17170,17172,1680,,94245,1
,29.5092,40.7142,97702,Yalova,77,Altınova,97702,0,17119,18109,1,,126688,1
,28.8408,40.5478,97703,Yalova,77,Armutlu,97703,0,,18110,101,,124053,1
,29.2796,40.6589,97701,Yalova,77,Merkez,97701,1,17119,17119,4,,126028,1
,29.1969,40.6044,97706,Yalova,77,Termal,97706,0,17119,18424,102,,124716,1
,29.3667,40.6833,97701,Yalova,77,Yalova Havalimanı,97707,0,17119,17122,13,,126029,0
,29.2796,40.6589,97705,Yalova,77,Çiftlikköy,97705,0,,17119,0,,126028,1
,29.1063,40.6427,97704,Yalova,77,Çınarcık,97704,0,17119,17658,16,,125369,1
,35.9044,39.6626,96607,Yozgat,66,Akdağmadeni,96607,0,,18209,1437,,111765,1
,35.2797,40.1283,96602,Yozgat,66,Aydıncık,96602,0,,18472,930,,118301,1
,35.2532,39.1897,96608,Yozgat,66,Boğazlıyan,96608,0,,17760,1070,,104545,1
,35.7753,39.9828,96604,Yozgat,66,Kadışehri,96604,0,,18475,964,,116347,1
,34.8159,39.8243,96601,Yozgat,66,Merkez,96601,1,17140,17140,1301,,113706,1
,35.525,39.6953,96605,Yozgat,66,Saraykent,96605,0,,18476,1235,,111756,1
,35.3469,39.4864,96611,Yozgat,66,Sarıkaya,96611,0,,18477,1175,,109132,1
,35.1805,39.8016,96612,Yozgat,66,Sorgun,96612,0,,17712,1116,,113714,1
,34.9986,39.2069,96606,Yozgat,66,Yenifakılı,96606,0,,18479,1055,,104540,1
,34.4078,39.6575,96614,Yozgat,66,Yerköy,96614,0,,18120,806,,111077,1
,35.4969,39.2339,96603,Yozgat,66,Çandır,96603,0,,18473,1225,,105206,1
,35.6747,39.3053,96609,Yozgat,66,Çayıralan,96609,0,,18474,1400,,106520,1
,35.5094,40.0708,96610,Yozgat,66,Çekerek,96610,0,,18208,942,,117651,1
,34.7431,39.5021,96613,Yozgat,66,Şefaatli,96613,0,,18478,906,,109119,1
,31.4133,41.1486,96702,Zonguldak,67,Alaplı,96702,0,,18265,20,,133280,1
,31.9689,41.2347,96705,Zonguldak,67,Devrek,96705,0,,17613,100,,133947,1
,31.4328,41.2691,96706,Zonguldak,67,Ereğli,96706,0,,17611,19,,134590,1
,32.1514,41.3069,96703,Zonguldak,67,Gökçebey,96703,0,,18267,73,,135261,1
,31.7779,41.4492,96707,Zonguldak,67,Kilimli,96707,0,17022,17022,135,Bu merkez sondurum verisini Zonguldak/Merkez'den almaktadır.,137218,1
,31.7779,41.4492,96708,Zonguldak,67,Kozlu,96708,0,17022,17022,135,Bu merkez sondurum verisini Zonguldak/Merkez'den almaktadır.,137218,1
,31.7779,41.4492,96701,Zonguldak,67,Merkez,96701,1,17022,17022,135,,137218,1
,32.0903,41.5066,96704,Zonguldak,67,Çaycuma,96704,0,,17023,13,,137880,1
,32.0903,41.5066,96704,Zonguldak,67,Çaycuma Havalimanı,96709,0,,17023,13,,137880,0
,26.3958,39.6081,91708,Çanakkale,17,Ayvacık,91708,0,,18435,341,,110243,1
,26.5906,39.8147,91709,Çanakkale,17,Bayramiç,91709,0,,18436,92,,113523,1
,27.2636,40.2331,91710,Çanakkale,17,Biga,91710,0,,18084,34,,119433,1
,26.0728,39.8326,91711,Çanakkale,17,Bozcaada,91711,0,,17111,30,,113511,1
,26.2669,40.2019,91702,Çanakkale,17,Eceabat,91702,0,,17429,9,,118756,1
,26.3456,39.7739,91703,Çanakkale,17,Ezine,91703,0,,17671,73,,112862,1
,26.6417,40.4081,91704,Çanakkale,17,Gelibolu,91704,0,,17773,51,,122039,1
,25.88,40.2,91705,Çanakkale,17,Gökçeada,91705,0,,17110,79,,118747,1
,25.884,40.2029,91705,Çanakkale,17,Gökçeada Havalimanı,91714,0,,17109,19,,119402,0
,26.6964,40.34,91706,Çanakkale,17,Lapseki,91706,0,,18438,40,,121385,1
,26.3993,40.141,91701,Çanakkale,17,Merkez,91701,1,17112,17112,6,,118104,1
,27.2661,39.9344,91707,Çanakkale,17,Yenice,91707,0,,18085,252,,115503,1
,27.0564,40.0161,91712,Çanakkale,17,Çan,91712,0,,18437,139,,116153,1
,26.4266,40.138,91701,Çanakkale,17,Çanakkale Havalimanı,91713,0,17112,17113,8,,118104,0
,33.08,40.8206,91809,Çankırı,18,Atkaracalar,91809,0,,18249,1292,,128077,1
,33.2425,40.9289,91811,Çankırı,18,Bayramören,91811,0,,18251,1450,,130046,1
,33.495,40.535,91803,Çankırı,18,Eldivan,91803,0,,18080,923,,124156,1
,33.6258,40.9156,91804,Çankırı,18,Ilgaz,91804,0,,17648,885,,129399,1
,33.7261,41.0678,18904,Çankırı,18,Ilgaz Kayak Merkezi,91814,0,,18904,1890,,132021,0
,33.5044,40.7369,91812,Çankırı,18,Korgun,91812,0,,18252,1042,,126776,1
,33.2691,40.8328,91805,Çankırı,18,Kurşunlu,91805,0,,17643,1075,,128736,1
,33.9839,40.3436,91810,Çankırı,18,Kızılırmak,91810,0,,18079,574,,121547,1
,33.6102,40.6082,91801,Çankırı,18,Merkez,91801,1,17080,17080,755,,125469,1
,33.0769,40.6322,91806,Çankırı,18,Orta,91806,0,,18253,1321,,125457,1
,33.7774,40.756,91808,Çankırı,18,Yapraklı,91808,0,,17647,1267,,127437,1
,33.7899,41.0371,17982,Çankırı,18,Yıldıztepe Kayak Merkezi,91813,0,,17982,1488,,131368,0
,32.8831,40.815,91802,Çankırı,18,Çerkeş,91802,0,,17646,1126,,128073,1
,33.2857,40.4742,91807,Çankırı,18,Şabanözü,91807,0,,17665,1060,,123497,1
,34.8394,40.1614,91913,Çorum,19,Alaca,91913,0,,18124,941,,118946,1
,34.2706,40.6319,91914,Çorum,19,Bayat,91914,0,,18710,749,,125483,1
,34.6065,40.0242,91908,Çorum,19,Boğazkale,91908,0,,18508,998,,116976,1
,34.7914,40.8806,91910,Çorum,19,Dodurga,91910,0,,18509,826,,129425,1
,34.4783,41.1386,91903,Çorum,19,Kargı,91903,0,,18510,446,,132693,1
,34.8738,40.7747,91911,Çorum,19,Laçin,91911,0,,18511,750,,127462,1
,35.2978,40.5242,91904,Çorum,19,Mecitözü,91904,0,,18125,782,,124196,1
,34.9362,40.5461,91901,Çorum,19,Merkez,91901,1,17084,17084,776,,124188,1
,35.2525,40.2722,91905,Çorum,19,Ortaköy,91905,0,,18129,798,,120265,1
,34.8011,40.9787,91906,Çorum,19,Osmancık,91906,0,,17652,419,,130735,1
,34.7069,40.7422,91912,Çorum,19,Oğuzlar,91912,0,,18126,684,,126803,1
,34.4014,40.1725,91907,Çorum,19,Sungurlu,91907,0,,18127,771,,118936,1
,34.4603,40.4412,91909,Çorum,19,Uğurludağ,91909,0,,18512,853,,122868,1
,34.4808,40.7239,91902,Çorum,19,İskilip,91902,0,,18128,725,,126798,1
,28.9489,40.9328,93439,İstanbul,34,Adalar,93439,0,17064,17064,0,,129950,1
,28.7075,41.2203,93431,İstanbul,34,Arnavutköy,93431,0,17061,18402,140,,133875,1
,28.8208,40.9819,93401,İstanbul,34,Atatürk Havalimanı,93440,0,17060,17060,33,,130602,0
,29.1383,41.0294,93432,İstanbul,34,Ataşehir,93432,0,17064,18403,0,,131264,1
,28.8208,40.9819,93423,İstanbul,34,Avcılar,93423,0,17060,17060,0,,130602,1
,28.8208,40.9819,93401,İstanbul,34,Bahçelievler,93425,0,17060,17060,0,,130602,1
17060,28.8208,40.9819,93401,İstanbul,34,Bakırköy,93401,1,17060,17060,33,,130602,1
,28.8863,41.0243,93422,İstanbul,34,Bayrampaşa,93422,0,17060,17814,0,,131259,1
,28.8863,41.0243,93424,İstanbul,34,Bağcılar,93424,0,17060,17814,0,,131259,1
,28.7075,41.2203,93433,İstanbul,34,Başakşehir,93433,0,17060,18402,0,,133875,1
,29.0739,41.1417,93403,İstanbul,34,Beykoz,93403,0,17061,18396,5,,132573,1
,28.622512,40.965729,93434,İstanbul,34,Beylikdüzü,93434,0,17060,19110,0,,129943,1
,28.9683,41.0547,93404,İstanbul,34,Beyoğlu,93404,0,17060,18401,0,,131261,1
,28.9683,41.0547,93402,İstanbul,34,Beşiktaş,93402,0,17060,18401,60,,131261,1
,28.59,41.0453,93417,İstanbul,34,Büyükçekmece,93417,0,17060,18099,20,,131252,1
,28.8863,41.0243,93430,İstanbul,34,Esenler,93430,0,17060,17814,0,,131259,1
,28.59,41.0453,93436,İstanbul,34,Esenyurt,93436,0,17060,18099,0,,131252,1
,28.9242,41.1028,93406,İstanbul,34,Eyüpsultan,93406,0,17060,18101,54,,132570,1
,28.9601,41.0155,93407,İstanbul,34,Fatih,93407,0,17060,17603,10,,131260,1
,28.8863,41.0243,93408,İstanbul,34,Gaziosmanpaşa,93408,0,17060,17814,68,,131259,1
,28.8863,41.0243,93401,İstanbul,34,Güngören,93426,0,17060,17814,0,,131259,1
,29.019,40.9883,93409,İstanbul,34,Kadıköy,93409,0,17064,17062,5,,130607,1
,29.1558,40.9113,93410,İstanbul,34,Kartal,93410,0,17064,17064,18,,129300,1
,28.9683,41.0547,93418,İstanbul,34,Kağıthane,93418,0,17060,18401,0,,131261,1
,28.8208,40.9819,93419,İstanbul,34,Küçükçekmece,93419,0,17060,17060,0,,130602,1
,29.1558,40.9113,93427,İstanbul,34,Maltepe,93427,0,17064,17064,0,,129300,1
,29.3033,40.8977,93420,İstanbul,34,Pendik,93420,0,17064,17063,99,,129303,1
,29.3033,40.8977,93420,İstanbul,34,Sabiha Gökçen Havalimanı,93441,0,17064,17063,99,,129303,0
,29.2135,40.9866,93437,İstanbul,34,Samandıra Havalimanı,93442,0,17064,17065,123,,130611,0
,29.2135,40.9866,93437,İstanbul,34,Sancaktepe,93437,0,17064,17065,0,,130611,1
,29.0502,41.1464,93411,İstanbul,34,Sarıyer,93411,0,17061,17061,59,,132572,1
,28.1575,41.1856,93412,İstanbul,34,Silivri,93412,0,17060,18400,195,,133208,1
,29.2135,40.9866,93428,İstanbul,34,Sultanbeyli,93428,0,17064,17065,123,,130611,1
,28.7075,41.2203,93438,İstanbul,34,Sultangazi,93438,0,17060,18101,0,,133875,1
,29.2931,40.8278,93429,İstanbul,34,Tuzla,93429,0,17064,18100,3,,127993,1
,29.104873,41.20993,93411,İstanbul,34,Yavuz Sultan Selim Köprüsü,93443,0,17061,19365,34,,133884,0
,28.8208,40.9819,93401,İstanbul,34,Zeytinburnu,93416,0,17060,17060,0,,130602,1
,28.3568,41.3409,93405,İstanbul,34,Çatalca,93405,0,17060,19111,381,,135832,1
,29.3256,41.0783,93435,İstanbul,34,Çekmeköy,93435,0,17064,18397,80,,131924,1
,29.1383,41.0294,93421,İstanbul,34,Ümraniye,93421,0,17064,18403,191,,131264,1
,29.0464,41.0328,93415,İstanbul,34,Üsküdar,93415,0,17064,18404,75,,131262,1
,28.8208,40.9819,93445,İstanbul,34,İstanbul Havalimanı,93445,0,17060,17058,33,,130602,0
17061,29.025127,41.099909,93411,İstanbul,34,İtü Maslak Yerleşkesi,93444,0,17061,18980,75,,131917,0
,29.6007,41.1688,93413,İstanbul,34,Şile,93413,0,17061,17610,83,,133240,1
,28.9683,41.0547,93414,İstanbul,34,Şişli,93414,0,17060,18401,0,,131261,1
,27.1481,38.295,93505,İzmir,35,Adnan Menderes Havalimanı,93531,0,,17219,120,,91265,0
,26.9682,38.7922,93510,İzmir,35,Aliağa,93510,0,,17787,27,,98466,1
,27.045,38.3941,93503,İzmir,35,Balçova,93503,0,,19133,120,,92573,1
,27.1489,38.4778,93508,İzmir,35,Bayraklı,93508,0,17220,18440,85,,93885,1
,27.6719,38.1975,93511,İzmir,35,Bayındır,93511,0,,18049,70,,89967,1
,27.171,39.1098,93512,İzmir,35,Bergama,93512,0,,17742,53,,103056,1
,28.2233,38.0872,93529,İzmir,35,Beydağ,93529,0,,18441,215,,88014,1
,27.1979,38.4517,93513,İzmir,35,Bornova,93513,0,,18031,14,,93886,1
,28.1121,38.3545,19135,İzmir,35,Bozdağ Kayak Merkezi,93533,0,,19135,1488,,91942,0
,27.1953,38.375,93530,İzmir,35,Buca,93530,0,17220,18443,150,,92576,1
,26.888,39.0737,93515,İzmir,35,Dikili,93515,0,,17180,3,,102394,1
,26.7392,38.6856,93516,İzmir,35,Foça,93516,0,,17782,37,,97151,1
,27.1481,38.295,93505,İzmir,35,Gaziemir,93505,0,,17219,120,,91265,1
,26.8908,38.3717,93507,İzmir,35,Güzelbahçe,93507,0,,18444,20,,92569,1
,26.9784,38.511,93504,İzmir,35,Kaklıç Havalimanı,93534,0,,17225,5,,94536,0
,27.0006,38.3106,93509,İzmir,35,Karabağlar,93509,0,17220,18445,965,,91262,1
,26.5081,38.6401,93517,İzmir,35,Karaburun,93517,0,,18032,132,,96491,1
,27.0322,38.4811,93518,İzmir,35,Karşıyaka,93518,0,,18446,2,,93883,1
,27.3705,38.4639,93519,İzmir,35,Kemalpaşa,93519,0,,17749,208,,93890,1
,28.2028,38.2192,93521,İzmir,35,Kiraz,93521,0,,18447,310,,89979,1
,27.1895,38.4049,93501,İzmir,35,Konak,93501,1,17220,17220,29,,93231,1
,27.3939,39.0872,93520,İzmir,35,Kınık,93520,0,,18917,84,,103061,1
,27.0849,38.2447,93502,İzmir,35,Menderes,93502,0,,18034,145,,90609,1
,27.0433,38.6237,93522,İzmir,35,Menemen,93522,0,,17789,10,,95848,1
,27.0044,38.3842,93506,İzmir,35,Narlıdere,93506,0,17220,18450,240,,92572,1
,26.835,38.199,93524,İzmir,35,Seferihisar,93524,0,,17820,22,,89948,1
,27.3669,37.9423,93525,İzmir,35,Selçuk,93525,0,,17854,18,,86030,1
,27.8165,38.133,93526,İzmir,35,Tire,93526,0,,18029,70,,89315,1
,27.3623,38.1743,93527,İzmir,35,Torbalı,93527,0,,18030,60,,89305,1
,26.8322,38.3628,93528,İzmir,35,Urla,93528,0,,18028,60,,92568,1
,26.3724,38.3036,93514,İzmir,35,Çeşme,93514,0,,17221,5,,91248,1
,27.0144,38.5127,93504,İzmir,35,Çiğli,93504,0,,17218,5,,94537,1
,27.0144,38.5127,93504,İzmir,35,Çiğli Havalimanı,93532,0,,17218,5,,94537,0
,27.9642,38.2157,93523,İzmir,35,Ödemiş,93523,0,,17822,111,,89973,1
,38.9473,36.7276,96310,Şanlıurfa,63,Akçakale,96310,0,,17980,365,,68602,1
,37.9715,37.0139,96311,Şanlıurfa,63,Birecik,96311,0,,17966,347,,73166,1
,38.5134,37.3651,96312,Şanlıurfa,63,Bozova,96312,0,,17944,622,,77763,1
,40.0307,36.8406,96313,Şanlıurfa,63,Ceylanpınar,96313,0,,17968,360,,70591,1
,38.7863,37.1608,96301,Şanlıurfa,63,Eyyübiye,96301,1,17270,17270,550,,75149,1
,38.9035,37.4454,96301,Şanlıurfa,63,Gap Havalimanı,96314,0,17270,17271,825,,79081,0
,37.9461,37.2283,96302,Şanlıurfa,63,Halfeti,96302,0,,18170,662,,75785,1
,38.7863,37.1608,96301,Şanlıurfa,63,Haliliye,96303,0,17270,17270,0,,75149,1
,39.4872,36.8072,96309,Şanlıurfa,63,Harran,96309,0,,19270,1675,,69924,1
,38.9508,37.5806,96304,Şanlıurfa,63,Hilvan,96304,0,,17914,589,,81047,1
,38.7863,37.1608,96301,Şanlıurfa,63,Karaköprü,96305,0,17270,17270,0,,75149,1
,39.3291,37.7522,96306,Şanlıurfa,63,Siverek,96306,0,,17912,801,,83676,1
,38.4125,37.0333,96307,Şanlıurfa,63,Suruç,96307,0,,18171,522,,73175,1
,39.749,37.2278,96308,Şanlıurfa,63,Viranşehir,96308,0,,17946,556,,75825,1
,43.1608,37.5756,97304,Şırnak,73,Beytüşşebap,97304,0,,18342,1450,,81141,1
,42.2027,37.3326,97305,Şırnak,73,Cizre,97305,0,,17950,400,,77845,1
,41.9203,37.4689,97303,Şırnak,73,Güçlükonak,97303,0,,18336,811,,79803,1
,42.4523,37.5209,97301,Şırnak,73,Merkez,97301,1,17287,17287,1350,,80470,1
,42.4864,37.2308,97307,Şırnak,73,Silopi,97307,0,,18344,498,,75886,1
,42.8453,37.4475,97302,Şırnak,73,Uludere,97302,0,,18175,1190,,79169,1
,41.8897,37.3389,97306,Şırnak,73,İdil,97306,0,,18343,790,,77838,1
,42.0602,37.365542,97305,Şırnak,73,Şerafettin Elçi Havalimanı,97308,0,,17949,618,,77842,0
